award category,award name,award source link,award_year,awardee_name,gender,affiliation,country,affiliation_source,comment
BR,John Maynard Smith Prize,https://eseb.org/prizes-funding/john-maynard-smith-prize/,2019,Karl Grieshop,M,University of Toronto,Canada,award website,only first affiliation counted (second from Sweden)
BR,John Maynard Smith Prize,https://eseb.org/prizes-funding/john-maynard-smith-prize/,2018,Siobhan O’Brien,F,ETH Zurich,Switzerland,award website,
BR,John Maynard Smith Prize,https://eseb.org/prizes-funding/john-maynard-smith-prize/,2017,Amanda Kyle Gibson,F,Emory University,USA,award website,
BR,John Maynard Smith Prize,https://eseb.org/prizes-funding/john-maynard-smith-prize/,2016,E. Keith Bowers,M,University of Memphis,USA,award website,
BR,John Maynard Smith Prize,https://eseb.org/prizes-funding/john-maynard-smith-prize/,2015,Matthew Hartfield,M,University of Toronto,Canada,award website,
BR,John Maynard Smith Prize,https://eseb.org/prizes-funding/john-maynard-smith-prize/,2014,Laurie Stevison,F,Auburn University,USA,award website,
BR,John Maynard Smith Prize,https://eseb.org/prizes-funding/john-maynard-smith-prize/,2013,Rich FitzJohn,M,Macquarie University,Australia,award website,
BR,John Maynard Smith Prize,https://eseb.org/prizes-funding/john-maynard-smith-prize/,2012,Tanja Stadler,F,ETH Zurich,Switzerland,award website,
BR,John Maynard Smith Prize,https://eseb.org/prizes-funding/john-maynard-smith-prize/,2011,Rowan Barrett,M,Harvard University,USA,award website,
BR,John Maynard Smith Prize,https://eseb.org/prizes-funding/john-maynard-smith-prize/,2009,Tanja Schwander,F,Simon Fraser University,USA,award website,
BR,John Maynard Smith Prize,https://eseb.org/prizes-funding/john-maynard-smith-prize/,2007,Andy Gardner,M,University of Oxford,UK,award website,
BR,John Maynard Smith Prize,https://eseb.org/prizes-funding/john-maynard-smith-prize/,2005,Daven Presgraves,M,University of Rochester,USA,award website,
BR,John Maynard Smith Prize,https://eseb.org/prizes-funding/john-maynard-smith-prize/,2003,Patricia Beldade,F,University of California at Irvine,USA,award website,
BR,John Maynard Smith Prize,https://eseb.org/prizes-funding/john-maynard-smith-prize/,2001,Alexander Badyaev,M,Auburn University,USA,award website,
BR,John Maynard Smith Prize,https://eseb.org/prizes-funding/john-maynard-smith-prize/,1999,Nicolas Galtier,M,University of Edinburgh,UK,award website,only first affiliation counted (second from France)
BR,John Maynard Smith Prize,https://eseb.org/prizes-funding/john-maynard-smith-prize/,1997,Marie-Charlotte Anstett,F,CNRS-CEFE,France,award website,
BR,President's Award,https://eseb.org/prizes-funding/presidents-award/,2018,Loeske Kruuk,F,Australian National University,Australia,https://biology.anu.edu.au/people/visitors/loeske-kruuk,affiliation not listed on the award website
BR,President's Award,https://eseb.org/prizes-funding/presidents-award/,2012,Adam Eyre-Walker,M,University of Sussex,UK,award website,
BR,T. Dobzhansky Prize,http://www.evolutionsociety.org/index.php?module=content&type=user&func=view&pid=13,2020,Jacqueline Sztepanacz,F,University of Toronto,Canada,https://eeb.utoronto.ca/award/eeb-professor-jacqueline-sztepanacz-wins-prestigious-dobzhansky-prize/,
BR,T. Dobzhansky Prize,http://www.evolutionsociety.org/index.php?module=content&type=user&func=view&pid=13,2019,Matthew Pennell,M,University of British Columbia,Canada,https://zoology.ubc.ca/article/matt-pennell-receives-2019-theodosius-dobzhansky-prize,
BR,T. Dobzhansky Prize,http://www.evolutionsociety.org/index.php?module=content&type=user&func=view&pid=13,2018,Amanda Kyle Gibson,F,Emory University,USA,https://biology.indiana.edu/news-events/news/2018/gibson-awarded-dobzhansky-prize.html,
BR,T. Dobzhansky Prize,http://www.evolutionsociety.org/index.php?module=content&type=user&func=view&pid=13,2017,Molly Schumer,F,Harvard University,USA,https://en.wikipedia.org/wiki/Molly_Schumer,
BR,T. Dobzhansky Prize,http://www.evolutionsociety.org/index.php?module=content&type=user&func=view&pid=13,2016,Mary Caswell Stoddard,F,Harvard University,USA,https://dynamicecology.files.wordpress.com/2016/08/54d68-mcstoddardcv.pdf,
BR,T. Dobzhansky Prize,http://www.evolutionsociety.org/index.php?module=content&type=user&func=view&pid=13,2015,Katie Wagner,F,University of Wyoming,USA,http://www.uwyo.edu/pie/_files/docs/programoverview_online_072516.pdf,
BR,T. Dobzhansky Prize,http://www.evolutionsociety.org/index.php?module=content&type=user&func=view&pid=13,2014,Daniel Matute,M,University of Chicago,USA,https://whyevolutionistrue.com/2014/07/14/evolution-2014-daniel-matute-dobzhansky-prize-winner/,
BR,T. Dobzhansky Prize,http://www.evolutionsociety.org/index.php?module=content&type=user&func=view&pid=13,2013,Rowan D. H. Barrett,M,McGill University,Canada,https://www.barrettlab.ca/wp-content/uploads/2021/02/rowan_cv.pdf,
BR,T. Dobzhansky Prize,http://www.evolutionsociety.org/index.php?module=content&type=user&func=view&pid=13,2012,Daniel Rabosky,M,University of California at Berkeley,USA,"https://regents.umich.edu/files/meetings/05-18/assets/reports/Rabosky,%20Daniel.pdf",
BR,T. Dobzhansky Prize,http://www.evolutionsociety.org/index.php?module=content&type=user&func=view&pid=13,2011,Joel McGlothlin,M,University of Virginia,USA,https://www.researchgate.net/profile/Joel-Mcglothlin,
BR,T. Dobzhansky Prize,http://www.evolutionsociety.org/index.php?module=content&type=user&func=view&pid=13,2010,Fyodor Kondrashov,M,"Centre for Genomic Regulation, Barcelona",Spain,https://www.crg.eu/en/news/crg-researchers-ben-lehner-and-fyodor-kondrashov-selected-embo-young-investigators,
BR,T. Dobzhansky Prize,http://www.evolutionsociety.org/index.php?module=content&type=user&func=view&pid=13,2009,Judith Mank,F,Oxford University,UK,https://www.jstor.org/stable/41317052,
BR,T. Dobzhansky Prize,http://www.evolutionsociety.org/index.php?module=content&type=user&func=view&pid=13,2008,Patrik Nosil,M,University of British Columbia,Canada,https://studylib.net/doc/7596262/cv---nosil-lab-of-evolutionary-biology,
BR,T. Dobzhansky Prize,http://www.evolutionsociety.org/index.php?module=content&type=user&func=view&pid=13,2007,Franziska Michor,F,Harvard University,USA,http://michorlab.dfci.harvard.edu/project/franziska-michor/,
BR,T. Dobzhansky Prize,http://www.evolutionsociety.org/index.php?module=content&type=user&func=view&pid=13,2006,Russel Bonduriansky,M,"University of New South Wales, Sydney",Australia,http://www.bonduriansky.net/bio.htm,
BR,T. Dobzhansky Prize,http://www.evolutionsociety.org/index.php?module=content&type=user&func=view&pid=13,2005,Daniel Bolnick,M,University of Texas,USA,https://bolnicklabpeople.wordpress.com/2015/10/12/pi-professor-daniel-i-bolnick/,
BR,T. Dobzhansky Prize,http://www.evolutionsociety.org/index.php?module=content&type=user&func=view&pid=13,2004,Aneil Agrawal,M,University of British Columbia,Canada,https://agrawal.eeb.utoronto.ca/aneil/,
BR,T. Dobzhansky Prize,http://www.evolutionsociety.org/index.php?module=content&type=user&func=view&pid=13,2003,Daven Presgraves,M,University of Munich,Germany,https://www.jstor.org/stable/3448844,he is from the US and moved just before receiving this award
BR,T. Dobzhansky Prize,http://www.evolutionsociety.org/index.php?module=content&type=user&func=view&pid=13,2002,Howard Rundle,M,Simon Fraser University,Canada,https://doi.org/10.1016/S0169-5347(02)02579-X,based on the publication from 2002
BR,T. Dobzhansky Prize,http://www.evolutionsociety.org/index.php?module=content&type=user&func=view&pid=13,2001,Alexander Badyaev,M,Auburn University,USA,http://www.u.arizona.edu/~abadyaev/dobz.html,
BR,T. Dobzhansky Prize,http://www.evolutionsociety.org/index.php?module=content&type=user&func=view&pid=13,2000,Thomas Lenormand,M,Centre d'Ecologie Fonctionnelle et Evolutive,France,https://www.researchgate.net/profile/Thomas-Lenormand,
BR,T. Dobzhansky Prize,http://www.evolutionsociety.org/index.php?module=content&type=user&func=view&pid=13,1999,Jason B. Wolf,M,Indiana University,USA,https://www.researchgate.net/publication/249140634_Interacting_Phenotypes_and_the_Evolutionary_Process_II_Selection_Resulting_from_Social_Interactions,
BR,T. Dobzhansky Prize,http://www.evolutionsociety.org/index.php?module=content&type=user&func=view&pid=13,1998,Christian P. Klingenberg,M,University of Alberta,Canada,https://pubmed.ncbi.nlm.nih.gov/9569772/,
BR,T. Dobzhansky Prize,http://www.evolutionsociety.org/index.php?module=content&type=user&func=view&pid=13,1997,Massimo Pigliucci,M,University of Tennessee,USA,https://joebidenbio.com/massimo-pigliucci/,
BR,T. Dobzhansky Prize,http://www.evolutionsociety.org/index.php?module=content&type=user&func=view&pid=13,1996,Rufus A. Johnstone,M,University of Cambridge,UK,https://www.sciencedirect.com/science/article/abs/pii/S0022519305800062,
BR,T. Dobzhansky Prize,http://www.evolutionsociety.org/index.php?module=content&type=user&func=view&pid=13,1995,David Begun,M,University of Chicago,USA,https://www.pnas.org/doi/abs/10.1073/pnas.92.7.2519,
BR,T. Dobzhansky Prize,http://www.evolutionsociety.org/index.php?module=content&type=user&func=view&pid=13,1994,David Haig,M,Harvard University,USA,https://www.nature.com/articles/ng0594-10a,
BR,T. Dobzhansky Prize,http://www.evolutionsociety.org/index.php?module=content&type=user&func=view&pid=13,1993,H. Allen Orr,M,University of California at Davis,USA,https://www.nature.com/articles/361532a0,
BR,T. Dobzhansky Prize,http://www.evolutionsociety.org/index.php?module=content&type=user&func=view&pid=13,1992,Barry Sinervo,M,University of Washington,USA,https://bio.research.ucsc.edu/~barrylab/sinervoCV.html,
BR,T. Dobzhansky Prize,http://www.evolutionsociety.org/index.php?module=content&type=user&func=view&pid=13,1991,Jonathan Losos,M,University of California at Berkeley,USA,https://www.publish.csiro.au/wr/WR9910641,
BR,T. Dobzhansky Prize,http://www.evolutionsociety.org/index.php?module=content&type=user&func=view&pid=13,1990,Erik Greene,M,Princeton University,USA,https://www.researchgate.net/publication/6083895_A_Tephritid_Fly_Mimics_the_Territorial_Displays_of_Its_Jumping_Spider_Predators,
BR,T. Dobzhansky Prize,http://www.evolutionsociety.org/index.php?module=content&type=user&func=view&pid=13,1989,Bernard J. Crespi,M,"University of New South Wales, Sydney",Australia,https://www.nature.com/articles/337357a0,second affiliation at the University of Michigan
BR,T. Dobzhansky Prize,http://www.evolutionsociety.org/index.php?module=content&type=user&func=view&pid=13,1988,Steven A. Frank,M,University College Irvine,USA,https://stevefrank.org/reprints-pdf/frankCV.pdf,
BR,T. Dobzhansky Prize,http://www.evolutionsociety.org/index.php?module=content&type=user&func=view&pid=13,1987,Ary A. Hoffmann,M,"La Trobe University, Bundoora",Australia,https://www.sciencedirect.com/science/article/abs/pii/S0003347287800854,
BR,T. Dobzhansky Prize,http://www.evolutionsociety.org/index.php?module=content&type=user&func=view&pid=13,1985,Joshua J. Schwartz,M,The University of Connecticut,USA,https://onlinelibrary.wiley.com/doi/abs/10.1111/j.1439-0310.1986.tb01003.x,
BR,T. Dobzhansky Prize,http://www.evolutionsociety.org/index.php?module=content&type=user&func=view&pid=13,1984,Robb F. Leary,M,University of Montana,USA,https://www.journals.uchicago.edu/doi/abs/10.1086/284293,
BR,T. Dobzhansky Prize,http://www.evolutionsociety.org/index.php?module=content&type=user&func=view&pid=13,1983,Anthony J. Zera,M,University of Nebraska - Lincoln,USA,https://digitalcommons.unl.edu/bioscizera/21/,
BR,T. Dobzhansky Prize,http://www.evolutionsociety.org/index.php?module=content&type=user&func=view&pid=13,1982,Elizabeth Anne Zimmer,F,Stanford University,USA,https://onlinelibrary.wiley.com/doi/pdf/10.1111/j.1558-5646.1982.tb05479.x,
BR,T. Dobzhansky Prize,http://www.evolutionsociety.org/index.php?module=content&type=user&func=view&pid=13,1981,Douglas R. Cavener,M,Cornell University,USA,https://orcid.org/0000-0002-1558-7137,
BR,Edward O. Wilson Naturalist Award,https://amnat.org/awards.html#investigator,2020,Tia Lynn Ashman,F,University of Pittsburgh,USA,https://www.journals.uchicago.edu/doi/10.1086/711754,Award renamed to: ASN Distinguished Naturalist Award
BR,Edward O. Wilson Naturalist Award,https://amnat.org/awards.html#investigator,2019,Anurag Agrawal,M,Cornell University,USA,https://www.journals.uchicago.edu/doi/full/10.1086/706257,
BR,Edward O. Wilson Naturalist Award,https://amnat.org/awards.html#investigator,2018,Ben Sheldon,M,Oxford University,UK,https://www.journals.uchicago.edu/doi/full/10.1086/700876,
BR,Edward O. Wilson Naturalist Award,https://amnat.org/awards.html#investigator,2017,Edmund D. Brodie III,M,University of Virginia,USA,https://www.journals.uchicago.edu/doi/full/10.1086/694904,
BR,Edward O. Wilson Naturalist Award,https://amnat.org/awards.html#investigator,2016,Naomi Pierce,F,Harvard University,USA,https://www.journals.uchicago.edu/doi/full/10.1086/689741,
BR,Edward O. Wilson Naturalist Award,https://amnat.org/awards.html#investigator,2015,Marlene Zuk,F,University of Minnesota,USA,https://www.journals.uchicago.edu/doi/full/10.1086/684175,
BR,Edward O. Wilson Naturalist Award,https://amnat.org/awards.html#investigator,2014,Craig Benkman,M,University of Wyoming,USA,https://www.journals.uchicago.edu/doi/10.1086/679278,
BR,Edward O. Wilson Naturalist Award,https://amnat.org/awards.html#investigator,2013,Douglas J. Emlen,M,University of Montana,USA,https://www.journals.uchicago.edu/doi/10.1086/674441,
BR,Edward O. Wilson Naturalist Award,https://amnat.org/awards.html#investigator,2012,Keith A. Crandall,M,George Washington University,USA,https://en.wikipedia.org/wiki/Keith_A._Crandall,
BR,Edward O. Wilson Naturalist Award,https://amnat.org/awards.html#investigator,2011,Joseph Travis,M,Florida State University,USA,https://www.journals.uchicago.edu/doi/10.1086/664447,
BR,Edward O. Wilson Naturalist Award,https://amnat.org/awards.html#investigator,2010,Michael J. Ryan,M,University of Texas at Austin,USA,https://sites.cns.utexas.edu/sites/default/files/ryan-lab/files/cv_current.pdf?m=1557790445,
BR,Edward O. Wilson Naturalist Award,https://amnat.org/awards.html#investigator,2009,Jonathan B. Losos,M,Harvard University,USA,https://www.journals.uchicago.edu/doi/10.1086/650355,
BR,Edward O. Wilson Naturalist Award,https://amnat.org/awards.html#investigator,2008,Ulrich Mueller,M,University of Texas at Austin,USA,https://www.journals.uchicago.edu/doi/10.1086/597029,
BR,Edward O. Wilson Naturalist Award,https://amnat.org/awards.html#investigator,2007,Trevor Price,M,University of Chicago,USA,https://www.journals.uchicago.edu/doi/10.1086/528138,
BR,Edward O. Wilson Naturalist Award,https://amnat.org/awards.html#investigator,2006,John T. Longino,M,Evergreen State College,USA,https://www.journals.uchicago.edu/doi/10.1086/510143,
BR,Edward O. Wilson Naturalist Award,https://amnat.org/awards.html#investigator,2005,Laurent Keller,M,University of Lausanne,Switzerland,https://www.journals.uchicago.edu/doi/10.1086/498073,
BR,Edward O. Wilson Naturalist Award,https://amnat.org/awards.html#investigator,2004,Paul Dayton,M,University of California at San Diego,USA,https://www.journals.uchicago.edu/doi/10.1086/426675,
BR,Edward O. Wilson Naturalist Award,https://amnat.org/awards.html#investigator,2003,David Reznick,M,University of California at Riverside,USA,https://profiles.ucr.edu/api/CvAttachment/133012,
BR,Edward O. Wilson Naturalist Award,https://amnat.org/awards.html#investigator,2002,Douglas Schemske,M,Michigan State University,USA,https://msutoday.msu.edu/news/2017/douglas-schemske-elected-to-national-academy-of-sciences,
BR,Edward O. Wilson Naturalist Award,https://amnat.org/awards.html#investigator,2001,Bernard J. Crespi,M,Simon Fraser University,Canada,https://www.journals.uchicago.edu/doi/10.1086/324115,
BR,Edward O. Wilson Naturalist Award,https://amnat.org/awards.html#investigator,2000,Harry W. Greene,M,Cornell University,USA,https://www.journals.uchicago.edu/doi/10.1086/316999,
BR,Edward O. Wilson Naturalist Award,https://amnat.org/awards.html#investigator,2000,Richard Shine,M,University of Sydney,Australia,https://www.journals.uchicago.edu/doi/10.1086/316999,
BR,Edward O. Wilson Naturalist Award,https://amnat.org/awards.html#investigator,1999,May R. Berenbaum,F,University of Illinois at Urbana-Champaign,USA,https://www.journals.uchicago.edu/doi/10.1086/303277,
BR,Edward O. Wilson Naturalist Award,https://amnat.org/awards.html#investigator,1998,B. Rosemary Grant,F,Princeton University,USA,https://en.wikipedia.org/wiki/Peter_and_Rosemary_Grant,
BR,Edward O. Wilson Naturalist Award,https://amnat.org/awards.html#investigator,1998,Peter R. Grant,M,Princeton University,USA,https://en.wikipedia.org/wiki/Peter_and_Rosemary_Grant,
BR,SMBE Early-Career Excellence Award,https://www.smbe.org/smbe/AWARDS/FacultyAwards/SMBEEarlyCareerExcellenceAwards.aspx,2020,Iain Mathieson,M,University of Pennsylvania,USA,https://www.smbe.org/smbe/AWARDS/FacultyAwards/SMBEEarlyCareerExcellenceAwards.aspx,
BR,SMBE Early-Career Excellence Award,https://www.smbe.org/smbe/AWARDS/FacultyAwards/SMBEEarlyCareerExcellenceAwards.aspx,2019,Claudia Bank,F,Gulbenkian Science Institute in Oeiras,Portugal,https://www.smbe.org/smbe/AWARDS/FacultyAwards/SMBEEarlyCareerExcellenceAwards.aspx,
BR,SMBE Early-Career Excellence Award,https://www.smbe.org/smbe/AWARDS/FacultyAwards/SMBEEarlyCareerExcellenceAwards.aspx,2018,Melissa Wilson Sayres,F,Arizona State University,USA,https://www.smbe.org/smbe/AWARDS/FacultyAwards/SMBEEarlyCareerExcellenceAwards.aspx,
BR,SMBE Early-Career Excellence Award,https://www.smbe.org/smbe/AWARDS/FacultyAwards/SMBEEarlyCareerExcellenceAwards.aspx,2017,Mia Levine,F,University of Pennsylvania,USA,https://www.smbe.org/smbe/AWARDS/FacultyAwards/SMBEEarlyCareerExcellenceAwards.aspx,
BR,SMBE Early-Career Excellence Award,https://www.smbe.org/smbe/AWARDS/FacultyAwards/SMBEEarlyCareerExcellenceAwards.aspx,2016,Joanna Kelley,F,Washington State University,USA,https://www.smbe.org/smbe/AWARDS/FacultyAwards/SMBEEarlyCareerExcellenceAwards.aspx,
BR,SMBE Mid-Career Excellence Award,https://www.smbe.org/smbe/AWARDS/FacultyAwards/SMBEMidCareerExcellenceAward.aspx,2020,Christian Landry,M,Université Laval,Canada,https://www.smbe.org/smbe/AWARDS/FacultyAwards/SMBEMidCareerExcellenceAward.aspx,
BR,SMBE Mid-Career Excellence Award,https://www.smbe.org/smbe/AWARDS/FacultyAwards/SMBEMidCareerExcellenceAward.aspx,2019,Patricia Wittkopp,F,University of Michigan,USA,https://www.smbe.org/smbe/AWARDS/FacultyAwards/SMBEMidCareerExcellenceAward.aspx,
BR,SMBE Mid-Career Excellence Award,https://www.smbe.org/smbe/AWARDS/FacultyAwards/SMBEMidCareerExcellenceAward.aspx,2018,Matthew W. Hahn,M,Indiana University,USA,https://www.smbe.org/smbe/AWARDS/FacultyAwards/SMBEMidCareerExcellenceAward.aspx,
BR,SMBE Mid-Career Excellence Award,https://www.smbe.org/smbe/AWARDS/FacultyAwards/SMBEMidCareerExcellenceAward.aspx,2017,Toni Gabaldón,M,"University Pompeu Fabra, Barcelona",Spain,https://www.smbe.org/smbe/AWARDS/FacultyAwards/SMBEMidCareerExcellenceAward.aspx,
BR,SMBE Mid-Career Excellence Award,https://www.smbe.org/smbe/AWARDS/FacultyAwards/SMBEMidCareerExcellenceAward.aspx,2016,Stephen I. Wright,M,University of Toronto,Canada,https://www.smbe.org/smbe/AWARDS/FacultyAwards/SMBEMidCareerExcellenceAward.aspx,
BR,The Bicentenary Medal,https://www.linnean.org/the-society/medals-awards-prizes-grants/the-bicentenary-medal,2020,Kayla King,F,University of Oxford,UK,https://www.linnean.org/the-society/medals-awards-prizes-grants/the-bicentenary-medal,
BR,The Bicentenary Medal,https://www.linnean.org/the-society/medals-awards-prizes-grants/the-bicentenary-medal,2019,Steve Portugal,M,University of London,UK,https://pure.royalholloway.ac.uk/portal/en/persons/steve-portugal(1440de30-110a-4f0c-8981-419d652dfe90).html,
BR,The Bicentenary Medal,https://www.linnean.org/the-society/medals-awards-prizes-grants/the-bicentenary-medal,2018,Edwige Moyroud,F,Unibersoty of Cambridge,UK,https://www.gen.cam.ac.uk/directory/edwige-moyroud,
BR,International Recognition of Professional Excellence,https://www.int-res.com/ecology-institute/irpe-prize/,2019,Nessa O’Connor,F,"Queen’s University, Belfast",UK,https://www.int-res.com/ecology-institute/irpe-prize/,
BR,International Recognition of Professional Excellence,https://www.int-res.com/ecology-institute/irpe-prize/,2017,Etienne Laliberté,M,University of Montreal,Canada,https://www.int-res.com/ecology-institute/irpe-prize/,
BR,International Recognition of Professional Excellence,https://www.int-res.com/ecology-institute/irpe-prize/,2016,Mary O'Connor,F,University of British Columbia,Canada,https://www.int-res.com/ecology-institute/irpe-prize/,
BR,International Recognition of Professional Excellence,https://www.int-res.com/ecology-institute/irpe-prize/,2015,Mariana Meerhoff’s,F,"University of the Republic, Urugu",Uruguay,https://www.int-res.com/ecology-institute/irpe-prize/,
BR,International Recognition of Professional Excellence,https://www.int-res.com/ecology-institute/irpe-prize/,2014,Lian Pin Koh,M,University of Adelaide,Australia,https://www.int-res.com/ecology-institute/irpe-prize/,
BR,International Recognition of Professional Excellence,https://www.int-res.com/ecology-institute/irpe-prize/,2013,Anne K. Salomon,F,Simon Fraser University,Canada,https://www.int-res.com/ecology-institute/irpe-prize/,
BR,International Recognition of Professional Excellence,https://www.int-res.com/ecology-institute/irpe-prize/,2012,Sujay S. Kaushal,M,University of Maryland,USA,https://www.int-res.com/ecology-institute/irpe-prize/,
BR,International Recognition of Professional Excellence,https://www.int-res.com/ecology-institute/irpe-prize/,2011,Jérôme Chave,M,"Laboratoire Evolution et Diversité Biologique (EDB), Toulouse",France,https://www.int-res.com/ecology-institute/irpe-prize/,
BR,International Recognition of Professional Excellence,https://www.int-res.com/ecology-institute/irpe-prize/,2010,Francesca Malfatti,F,University of California at San Diego,USA,https://www.int-res.com/ecology-institute/irpe-prize/,
BR,International Recognition of Professional Excellence,https://www.int-res.com/ecology-institute/irpe-prize/,2008,Campbell Webb,M,Harvard University,USA,https://www.int-res.com/ecology-institute/irpe-prize/,
BR,International Recognition of Professional Excellence,https://www.int-res.com/ecology-institute/irpe-prize/,2007,Marcel M. M. Kuypers,M,"Max Planck Institute for Marine Microbiology, Bremen",Germany,https://www.int-res.com/ecology-institute/irpe-prize/,
BR,International Recognition of Professional Excellence,https://www.int-res.com/ecology-institute/irpe-prize/,2006,Jake Vander Zanden,M,University of Wisconsin,USA,https://www.int-res.com/ecology-institute/irpe-prize/,
BR,International Recognition of Professional Excellence,https://www.int-res.com/ecology-institute/irpe-prize/,2005,Andrew Hector,M,University of Zurich,Switzerland,https://www.int-res.com/ecology-institute/irpe-prize/,
BR,International Recognition of Professional Excellence,https://www.int-res.com/ecology-institute/irpe-prize/,2004,Markus G. Weinbauer,M,Laboratoire d'Océanographie de Villefranche-sur-Mer,France,https://www.int-res.com/ecology-institute/irpe-prize/,
BR,International Recognition of Professional Excellence,https://www.int-res.com/ecology-institute/irpe-prize/,2003,David Post,M,Yale University,USA,https://www.int-res.com/ecology-institute/irpe-prize/,
BR,International Recognition of Professional Excellence,https://www.int-res.com/ecology-institute/irpe-prize/,2000,Ruben Sommaruga,M,University of Innsbruck,Germany,https://www.int-res.com/ecology-institute/irpe-prize/,
BR,International Recognition of Professional Excellence,https://www.int-res.com/ecology-institute/irpe-prize/,1999,Kevin J. Gaston,M,University of Sheffield,UK,https://www.int-res.com/ecology-institute/irpe-prize/,
BR,International Recognition of Professional Excellence,https://www.int-res.com/ecology-institute/irpe-prize/,1998,Philip Boyd,M,University of Otago,NZ,https://www.int-res.com/ecology-institute/irpe-prize/,
BR,International Recognition of Professional Excellence,https://www.int-res.com/ecology-institute/irpe-prize/,1997,Jef Huisman,M,University of Amsterdam,Netherlands,https://www.int-res.com/ecology-institute/irpe-prize/,
BR,International Recognition of Professional Excellence,https://www.int-res.com/ecology-institute/irpe-prize/,1996,Susan Harrison,F,University of California at Davis,USA,https://www.int-res.com/ecology-institute/irpe-prize/,
BR,International Recognition of Professional Excellence,https://www.int-res.com/ecology-institute/irpe-prize/,1995,Stephen J. Hawkins,M,The Marine Biological Association of the United Kingdom,UK,https://www.int-res.com/ecology-institute/irpe-prize/,
BR,International Recognition of Professional Excellence,https://www.int-res.com/ecology-institute/irpe-prize/,1993,Nikolai V. Aladin,M,"Russian Academy of Sciences, St. Petersburg",Russia,https://www.int-res.com/ecology-institute/irpe-prize/,
BR,International Recognition of Professional Excellence,https://www.int-res.com/ecology-institute/irpe-prize/,1992,Richard K. Grosberg,M,University of California at Davis,USA,https://www.int-res.com/ecology-institute/irpe-prize/,
BR,International Recognition of Professional Excellence,https://www.int-res.com/ecology-institute/irpe-prize/,1991,Karel Simek,M,Czech Academy of Sciences,Chech Republic,https://www.int-res.com/ecology-institute/irpe-prize/,
BR,International Recognition of Professional Excellence,https://www.int-res.com/ecology-institute/irpe-prize/,1986,Colleen Cavanaugh,F,Harvard University,USA,https://www.int-res.com/ecology-institute/irpe-prize/,
BR,Robert H. MacArthur Award,https://www.esa.org/history/2014/01/robert-h-macarthur-award/,2020,Jonathan M. Levine,M,Princeton University,USA,https://www.esa.org/wp-content/uploads/sites/94/2022/02/2020-Awards.pdf#page=5,
BR,Robert H. MacArthur Award,https://www.esa.org/history/2014/01/robert-h-macarthur-award/,2018,Katharine N. Suding,F,University of Colorado,USA,https://doi.org/10.1002/bes2.1406,
BR,Robert H. MacArthur Award,https://www.esa.org/history/2014/01/robert-h-macarthur-award/,2016,Anurag A. Agrawal,M,Cornell University,USA,https://www.esa.org/wp-content/uploads/sites/94/2022/02/macarthur2016.pdf,
BR,Robert H. MacArthur Award,https://www.esa.org/history/2014/01/robert-h-macarthur-award/,2014,Mercedes Pascual,F,University of Michigan,USA,https://www.esa.org/wp-content/uploads/sites/94/2022/02/macarthur2014.pdf,
BR,Robert H. MacArthur Award,https://www.esa.org/history/2014/01/robert-h-macarthur-award/,2012,Anthony R. Ives,M,University of Wisconsin,USA,https://www.esa.org/wp-content/uploads/sites/94/2022/02/macarthur2012.pdf,
BR,Robert H. MacArthur Award,https://www.esa.org/history/2014/01/robert-h-macarthur-award/,2010,Stephen W. Pacala,M,Princeton University,USA,https://www.esa.org/wp-content/uploads/sites/94/2022/02/macarthur2010.pdf,
BR,Robert H. MacArthur Award,https://www.esa.org/history/2014/01/robert-h-macarthur-award/,2008,Monica Turner,F,University of Wisconsin–Madison,USA,https://www.ncbi.nlm.nih.gov/pmc/articles/PMC1829214/,affiliation not mentioned in the award note!
BR,Robert H. MacArthur Award,https://www.esa.org/history/2014/01/robert-h-macarthur-award/,2006,Alan Hastings,M,University of California,USA,https://www.esa.org/wp-content/uploads/sites/94/2022/02/macarthur2006.pdf,
BR,Robert H. MacArthur Award,https://www.esa.org/history/2014/01/robert-h-macarthur-award/,2004,May Roberta Berenbaum,F,"University of Illinois, Urbana-Champaign",USA,https://www.esa.org/wp-content/uploads/sites/94/2022/02/macarthur2004.pdf,
BR,Robert H. MacArthur Award,https://www.esa.org/history/2014/01/robert-h-macarthur-award/,2002,James Hemphill Brown,M,University of New Mexico,USA,https://www.esa.org/wp-content/uploads/sites/94/2022/02/macarthur2002.pdf,
BR,Robert H. MacArthur Award,https://www.esa.org/history/2014/01/robert-h-macarthur-award/,2000,Stephen Russell Carpenter,M,University of Wisconsin-Madison,USA,https://en.wikipedia.org/wiki/Stephen_R._Carpenter,affiliation not mentioned in the award note!
BR,Robert H. MacArthur Award,https://www.esa.org/history/2014/01/robert-h-macarthur-award/,1998,Robert V. O'Neill,M,Oak Ridge National Laboratory,USA,https://www.esa.org/wp-content/uploads/sites/94/2022/02/macarthur1998.pdf,
BR,Robert H. MacArthur Award,https://www.esa.org/history/2014/01/robert-h-macarthur-award/,1996,David Tilman,M,University of Minnesota,USA,https://www.esa.org/wp-content/uploads/sites/94/2022/02/macarthur1996.pdf,
BR,Robert H. MacArthur Award,https://www.esa.org/history/2014/01/robert-h-macarthur-award/,1994,Henry Miles Wilbur,M,University of Virginia,USA,https://www.researchgate.net/profile/Henry-Wilbur,affiliation not mentioned in the award note!
BR,Robert H. MacArthur Award,https://www.esa.org/history/2014/01/robert-h-macarthur-award/,1992,Peter Morrison Vitousek,M,Stanford University,USA,https://www.esa.org/wp-content/uploads/sites/94/2022/02/macarthur1992.pdf,
BR,Robert H. MacArthur Award,https://www.esa.org/history/2014/01/robert-h-macarthur-award/,1990,William M. Murdoch,M,University of California at Santa Barbara,USA,https://www.esa.org/wp-content/uploads/sites/94/2022/02/macarthur1990.pdf,
BR,Robert H. MacArthur Award,https://www.esa.org/history/2014/01/robert-h-macarthur-award/,1988,Simon Asher Levin,M,Cornell University,USA,https://www.esa.org/wp-content/uploads/sites/94/2022/02/macarthur1988.pdf,
BR,Robert H. MacArthur Award,https://www.esa.org/history/2014/01/robert-h-macarthur-award/,1986,Thomas William Schoener,M,University of California at Davis,USA,https://www.esa.org/wp-content/uploads/sites/94/2022/02/macarthur1986.pdf,
BR,Robert H. MacArthur Award,https://www.esa.org/history/2014/01/robert-h-macarthur-award/,1984,Robert McCreadie May,M,Princeton University,USA,https://www.esa.org/wp-content/uploads/sites/94/2022/02/macarthur1984.pdf,
BR,Robert H. MacArthur Award,https://www.esa.org/history/2014/01/robert-h-macarthur-award/,1983,Robert Treat Paine,M,University of Washington,USA,https://en.wikipedia.org/wiki/Robert_T._Paine_(zoologist),
BR,Founders’ Prize,https://www.britishecologicalsociety.org/membership-community/honours-awards-and-prizes/founders-prize/,2020,Tommaso Jucker,M,Bristol University,UK,http://www.bristol.ac.uk/biology/news/2020/dr-tommaso-jucker-awarded-british-ecological-societys-founders-prize.html,
BR,Founders’ Prize,https://www.britishecologicalsociety.org/membership-community/honours-awards-and-prizes/founders-prize/,2019,Tom Crowther,M,"Swiss Federal Institute of Technology, Zurich ",Switzerland,https://www.nature.com/articles/d41586-019-02846-4,
BR,Founders’ Prize,https://www.britishecologicalsociety.org/membership-community/honours-awards-and-prizes/founders-prize/,2018,Gabriel Yvon-Durocher,M,University of Exeter,UK,https://biosciences.exeter.ac.uk/staff/profile/index.php?web_id=Gabriel_Yvon-Durocher,
BR,Founders’ Prize,https://www.britishecologicalsociety.org/membership-community/honours-awards-and-prizes/founders-prize/,2017,Liza Comita,F,Yale University,USA,https://environment.yale.edu/profile/comita,
BR,Founders’ Prize,https://www.britishecologicalsociety.org/membership-community/honours-awards-and-prizes/founders-prize/,2016,Julia Blanchard,F,University of Tasmania,Australia,https://peerj.com/articles/2387/,
BR,Founders’ Prize,https://www.britishecologicalsociety.org/membership-community/honours-awards-and-prizes/founders-prize/,2014,Julia Jones,F,Oregon State University,USA,https://doi.org/10.1111/gcb.12615,
BR,Founders’ Prize,https://www.britishecologicalsociety.org/membership-community/honours-awards-and-prizes/founders-prize/,2010,Owen Lewis,M,University of Oxford,UK,https://www.nature.com/articles/466698a,
BR,Founders’ Prize,https://www.britishecologicalsociety.org/membership-community/honours-awards-and-prizes/founders-prize/,2008,Collin Osborne,M,University of Sheffield,UK,https://www.sheffield.ac.uk/biosciences/people/academic-staff/colin-osborne,
BR,Founders’ Prize,https://www.britishecologicalsociety.org/membership-community/honours-awards-and-prizes/founders-prize/,2006,Andrew Beckerman,M,University of Sheffield,UK,https://www.sheffield.ac.uk/biosciences/people/academic-staff/andrew-beckerman,
BP,MBE Best Graduate Student Paper,https://www.smbe.org/smbe/AWARDS/StudentandPostdoctoralFellowAwards/BestGraduateStudentPaperAward.aspx,2020,Ayush S Saxena,M,University of Florida,USA,https://doi.org/10.1093/molbev/msy213,
BP,MBE Best Graduate Student Paper,https://www.smbe.org/smbe/AWARDS/StudentandPostdoctoralFellowAwards/BestGraduateStudentPaperAward.aspx,2019,Jean Cury,M,"Institut Pasteur, Paris",France,https://doi.org/10.1093/molbev/msy123,
BP,MBE Best Graduate Student Paper,https://www.smbe.org/smbe/AWARDS/StudentandPostdoctoralFellowAwards/BestGraduateStudentPaperAward.aspx,2018,Rémi Allio,M,"University Montpellier, CNRS, IRD, EPHE",France,https://pubmed.ncbi.nlm.nih.gov/28981721/,
BP,MBE Best Graduate Student Paper,https://www.smbe.org/smbe/AWARDS/StudentandPostdoctoralFellowAwards/BestGraduateStudentPaperAward.aspx,2017,Alejandra Rodríguez-Verdugo,F,University of California at Irvine,USA,https://pubmed.ncbi.nlm.nih.gov/26500250/,
BP,MBE Best Graduate Student Paper,https://www.smbe.org/smbe/AWARDS/StudentandPostdoctoralFellowAwards/BestGraduateStudentPaperAward.aspx,2016,Emily Clare Baker,F,University of Wisconsin–Madison,USA,https://www.ncbi.nlm.nih.gov/pmc/articles/PMC4651232/pdf/msv168.pdf,
BP,GBE Best Graduate Student Paper,https://www.smbe.org/smbe/AWARDS/StudentandPostdoctoralFellowAwards/BestGraduateStudentPaperAward.aspx,2020,Ping-Lin Cao,X,Tohoku University,Japan,https://academic.oup.com/gbe/article/11/2/552/5303996?login=false,
BP,GBE Best Graduate Student Paper,https://www.smbe.org/smbe/AWARDS/StudentandPostdoctoralFellowAwards/BestGraduateStudentPaperAward.aspx,2019,Bárbara D. Bitarello,F,"University of São Paulo, São Paulo",Brazil,https://academic.oup.com/gbe/article/10/3/939/4938688?login=false,
BP,GBE Best Graduate Student Paper,https://www.smbe.org/smbe/AWARDS/StudentandPostdoctoralFellowAwards/BestGraduateStudentPaperAward.aspx,2018,Philipp Brand,M,University of California at Davis,USA,https://pubmed.ncbi.nlm.nih.gov/28854688/,
BP,GBE Best Graduate Student Paper,https://www.smbe.org/smbe/AWARDS/StudentandPostdoctoralFellowAwards/BestGraduateStudentPaperAward.aspx,2017,Anouk Willemsen,F,Universidad Politécnica de Valencia,Spain,https://pubmed.ncbi.nlm.nih.gov/27604880/,
BP,GBE Best Graduate Student Paper,https://www.smbe.org/smbe/AWARDS/StudentandPostdoctoralFellowAwards/BestGraduateStudentPaperAward.aspx,2016,Daniel Tamarit,M,Uppsala University,Sweden,https://doi.org/10.1093/gbe/evv079,
BP,GBE Best Graduate Student Paper,https://www.smbe.org/smbe/AWARDS/StudentandPostdoctoralFellowAwards/BestGraduateStudentPaperAward.aspx,2016,Kirsten Ellegaard,F,Uppsala University,Sweden,https://doi.org/10.1093/gbe/evv079,
BP,George Mercer Award,https://www.esa.org/history/2013/08/mercer-award/#tablepress-3_wrapper,2020,J. Mason Heberling,M,"Carnegie Museum of Natural History, Pittsburgh",USA,https://pubmed.ncbi.nlm.nih.gov/30714287/,
BP,George Mercer Award,https://www.esa.org/history/2013/08/mercer-award/#tablepress-3_wrapper,2019,Brett R. Jesmer,M,University of Wyoming,USA,https://www.science.org/doi/10.1126/science.aat0985,
BP,George Mercer Award,https://www.esa.org/history/2013/08/mercer-award/#tablepress-3_wrapper,2018,Rachel M. Germain,F,University of British Columbia,Canada,https://www.esa.org/blog/2018/03/16/2018-esa-awards/,
BP,George Mercer Award,https://www.esa.org/history/2013/08/mercer-award/#tablepress-3_wrapper,2017,Jennifer Williams,F,University of British Columbia,Canada,https://www.esa.org/blog/2017/03/01/2017-esa-awards/,
BP,George Mercer Award,https://www.esa.org/history/2013/08/mercer-award/#tablepress-3_wrapper,2016,Jennifer R. Gremer,F,University of Arizona,USA,https://www.esa.org/wp-content/uploads/sites/94/2022/02/mercer2016.pdf,
BP,George Mercer Award,https://www.esa.org/history/2013/08/mercer-award/#tablepress-3_wrapper,2015,Marcelo Ardón,M,East Carolina University,USA,https://pubmed.ncbi.nlm.nih.gov/23749653/,
BP,George Mercer Award,https://www.esa.org/history/2013/08/mercer-award/#tablepress-3_wrapper,2014,Douglas Rasher,M,Georgia Institute of Technology,USA,https://pubmed.ncbi.nlm.nih.gov/23923498/,
BP,George Mercer Award,https://www.esa.org/history/2013/08/mercer-award/#tablepress-3_wrapper,2013,Pieter T. J. Johnson,M,University of Colorado at Boulder,USA,https://pubmed.ncbi.nlm.nih.gov/22615371/,
BP,George Mercer Award,https://www.esa.org/history/2013/08/mercer-award/#tablepress-3_wrapper,2012,A. Carla Staver,F,Princeton University,USA,https://pubmed.ncbi.nlm.nih.gov/21661567/,
BP,George Mercer Award,https://www.esa.org/history/2013/08/mercer-award/#tablepress-3_wrapper,2011,Tracy Langkilde,F,Pennsylvania State University,USA,https://pubmed.ncbi.nlm.nih.gov/19294926/,
BP,George Mercer Award,https://www.esa.org/history/2013/08/mercer-award/#tablepress-3_wrapper,2010,Meghan A. Duffy,F,Michigan State University,USA,https://pubmed.ncbi.nlm.nih.gov/18260781/,
BP,George Mercer Award,https://www.esa.org/history/2013/08/mercer-award/#tablepress-3_wrapper,2009,Richard A. Lankau,M,University of California at Davis,USA,https://pubmed.ncbi.nlm.nih.gov/17872447/,
BP,George Mercer Award,https://www.esa.org/history/2013/08/mercer-award/#tablepress-3_wrapper,2009,Sharon Y. Strauss,F,University of California at Davis,USA,https://pubmed.ncbi.nlm.nih.gov/17872447/,
BP,George Mercer Award,https://www.esa.org/history/2013/08/mercer-award/#tablepress-3_wrapper,2008,Jonathan M. Chase,M,Washington University,USA,https://pubmed.ncbi.nlm.nih.gov/17942690/,
BP,George Mercer Award,https://www.esa.org/history/2013/08/mercer-award/#tablepress-3_wrapper,2007,Jordi Bascompte,M,"Consejo Superior de Investigaciones Cientìficas, Sevilla",Spain,https://pubmed.ncbi.nlm.nih.gov/16627742/,
BP,George Mercer Award,https://www.esa.org/history/2013/08/mercer-award/#tablepress-3_wrapper,2006,Anurag Agrawal,M,Cornell University,USA,https://www.esa.org/wp-content/uploads/sites/94/2022/02/mercer2006.pdf,
BP,George Mercer Award,https://www.esa.org/history/2013/08/mercer-award/#tablepress-3_wrapper,2005,Daniel Bolnick,M,University of California at Davis,USA,https://pubmed.ncbi.nlm.nih.gov/12650459/,
BP,George Mercer Award,https://www.esa.org/history/2013/08/mercer-award/#tablepress-3_wrapper,2004,John J. Stachowicz,M,University of California at Davis,USA,https://www.esa.org/wp-content/uploads/sites/94/2022/02/mercer2004.pdf,
BP,George Mercer Award,https://www.esa.org/history/2013/08/mercer-award/#tablepress-3_wrapper,2003,Jean M.L. Richardson,F,Brock University,USA,https://www.esa.org/wp-content/uploads/sites/94/2022/02/mercer2003.pdf,
BP,George Mercer Award,https://www.esa.org/history/2013/08/mercer-award/#tablepress-3_wrapper,2002,Jonathan Levine,M,University of California at Los Angeles,USA,https://www.esa.org/wp-content/uploads/sites/94/2022/02/mercer2002.pdf,
BP,George Mercer Award,https://www.esa.org/history/2013/08/mercer-award/#tablepress-3_wrapper,2001,Brian Enquist,M,"National Center for Ecological Analysis and Synthesis, Santa Barbara",USA,https://www.nature.com/articles/44819,
BP,George Mercer Award,https://www.esa.org/history/2013/08/mercer-award/#tablepress-3_wrapper,2000,David Hooper,M,Western Washington University,USA,https://www.esa.org/wp-content/uploads/sites/94/2022/02/mercer2000.pdf,
BP,George Mercer Award,https://www.esa.org/history/2013/08/mercer-award/#tablepress-3_wrapper,1999,Mark A. McPeek,M,Dartmouth College,USA,https://esajournals.onlinelibrary.wiley.com/doi/abs/10.1890/0012-9615%281998%29068%5B0001%3ATCOCTT%5D2.0.CO%3B2,
BP,George Mercer Award,https://www.esa.org/history/2013/08/mercer-award/#tablepress-3_wrapper,1998,Greg Dwyer,M,University of Massachusetts,USA,https://pubmed.ncbi.nlm.nih.gov/18811331/,
BP,George Mercer Award,https://www.esa.org/history/2013/08/mercer-award/#tablepress-3_wrapper,1997,Stephen W. Pacala,M,Princeton University,USA,https://www.jstor.org/stable/2963479,
BP,George Mercer Award,https://www.esa.org/history/2013/08/mercer-award/#tablepress-3_wrapper,1996,Lars Hedin,M,Cornell University,USA,https://www.esa.org/wp-content/uploads/sites/94/2022/02/mercer1996.pdf,
BP,George Mercer Award,https://www.esa.org/history/2013/08/mercer-award/#tablepress-3_wrapper,1995,Shahid Naeem,M,Imperial College at Silwood Park,UK,https://www.nature.com/articles/368734a0,
BP,George Mercer Award,https://www.esa.org/history/2013/08/mercer-award/#tablepress-3_wrapper,1994,J. Timothy Wootton,M,University of Washington,USA,https://www.jstor.org/stable/2462763,
BP,George Mercer Award,https://www.esa.org/history/2013/08/mercer-award/#tablepress-3_wrapper,1993,Naomi Cappuccino,F,Quebec University,Canada,https://www.esa.org/wp-content/uploads/sites/94/2022/02/mercer1993.pdf,
BP,George Mercer Award,https://www.esa.org/history/2013/08/mercer-award/#tablepress-3_wrapper,1992,Kirk O. Winemiller,M,Texas A&M University,USA,https://www.esa.org/wp-content/uploads/sites/94/2022/02/mercer1992.pdf,
BP,George Mercer Award,https://www.esa.org/history/2013/08/mercer-award/#tablepress-3_wrapper,1991,James Samuel Clark,M,University of Georgia,USA,https://www.esa.org/wp-content/uploads/sites/94/2022/02/mercer1991.pdf,
BP,George Mercer Award,https://www.esa.org/history/2013/08/mercer-award/#tablepress-3_wrapper,1990,Richard Karban,M,University of California at Davis,USA,https://www.esa.org/wp-content/uploads/sites/94/2022/02/mercer1990.pdf,
BP,George Mercer Award,https://www.esa.org/history/2013/08/mercer-award/#tablepress-3_wrapper,1989,Russell J. Schmitt,M,University of California at Santa Barbara,USA,https://www.esa.org/wp-content/uploads/sites/94/2022/02/mercer1989.pdf,
BP,George Mercer Award,https://www.esa.org/history/2013/08/mercer-award/#tablepress-3_wrapper,1988,May Roberta Berenbaum,F,University of Illinois at Urbana,USA,https://www.esa.org/wp-content/uploads/sites/94/2022/02/mercer1988.pdf,
BP,George Mercer Award,https://www.esa.org/history/2013/08/mercer-award/#tablepress-3_wrapper,1987,Curtis M. Lively,M,"University of Canterbury, Christchurch",NZ,https://www.esa.org/wp-content/uploads/sites/94/2022/02/mercer1987.pdf,"work done at Arizona State University
sity"
BP,George Mercer Award,https://www.esa.org/history/2013/08/mercer-award/#tablepress-3_wrapper,1986,Douglas William Schemske,M,University of Chicago,USA,https://esajournals.onlinelibrary.wiley.com/doi/pdf/10.2307/20166559,
BP,George Mercer Award,https://www.esa.org/history/2013/08/mercer-award/#tablepress-3_wrapper,1985,Peter J. Morin,M,Duke University,USA,https://www.jstor.org/stable/1942491,
BP,George Mercer Award,https://www.esa.org/history/2013/08/mercer-award/#tablepress-3_wrapper,1984,Phyllis D. Coley,F,University of Utah,USA,https://www.esa.org/wp-content/uploads/sites/94/2022/02/mercer1984.pdf,
BP,George Mercer Award,https://www.esa.org/history/2013/08/mercer-award/#tablepress-3_wrapper,1983,Kenneth P. Sebens,M,Harvard University,USA,https://www.esa.org/wp-content/uploads/sites/94/2022/02/mercer1983.pdf,
BP,George Mercer Award,https://www.esa.org/history/2013/08/mercer-award/#tablepress-3_wrapper,1982,Svata M. Louda,F,Duke University,USA,https://www.esa.org/wp-content/uploads/sites/94/2022/02/mercer1982.pdf,
BP,George Mercer Award,https://www.esa.org/history/2013/08/mercer-award/#tablepress-3_wrapper,1981,Wayne P. Sousa,M,University of California at Berkeley,USA,https://www.esa.org/wp-content/uploads/sites/94/2022/02/mercer1981.pdf,
BP,George Mercer Award,https://www.esa.org/history/2013/08/mercer-award/#tablepress-3_wrapper,1980,Thomas G. Whitham,M,Museum of Northern Arizona in Flagstaff,USA,https://www.esa.org/wp-content/uploads/sites/94/2022/02/mercer1980.pdf,
BP,George Mercer Award,https://www.esa.org/history/2013/08/mercer-award/#tablepress-3_wrapper,1979,Jane Lubchenco,F,Oregon State University,USA,https://www.esa.org/wp-content/uploads/sites/94/2022/02/mercer1979.pdf,
BP,George Mercer Award,https://www.esa.org/history/2013/08/mercer-award/#tablepress-3_wrapper,1978,Earl Edward Werner,M,Michigan State University,USA,https://www.esa.org/wp-content/uploads/sites/94/2022/02/mercer1978.pdf,
BP,George Mercer Award,https://www.esa.org/history/2013/08/mercer-award/#tablepress-3_wrapper,1977,Douglas G. Sprugel,M,Argonne National Laboratory,USA,https://www.esa.org/wp-content/uploads/sites/94/2022/02/mercer1977.pdf,
BP,George Mercer Award,https://www.esa.org/history/2013/08/mercer-award/#tablepress-3_wrapper,1976,William E. Neill,M,University of British Columbia,Canada,https://www.esa.org/wp-content/uploads/sites/94/2022/02/mercer1976.pdf,
BP,George Mercer Award,https://www.esa.org/history/2013/08/mercer-award/#tablepress-3_wrapper,1975,Peter L. Marks,M,Cornell University,USA,https://www.esa.org/wp-content/uploads/sites/94/2022/02/mercer1975.pdf,
BP,George Mercer Award,https://www.esa.org/history/2013/08/mercer-award/#tablepress-3_wrapper,1974,Paul K Dayton,M,"Scripps Institution of Oceanography, San Diego",USA,https://www.esa.org/wp-content/uploads/sites/94/2022/02/mercer1974.pdf,
BP,George Mercer Award,https://www.esa.org/history/2013/08/mercer-award/#tablepress-3_wrapper,1973,Carl Frederick Jordan,M,Argonne National Laboratory,USA,https://www.esa.org/wp-content/uploads/sites/94/2022/02/mercer1973.pdf,
BP,George Mercer Award,https://www.esa.org/history/2013/08/mercer-award/#tablepress-3_wrapper,1972,Joel Ephraim Cohen,M,Harvard University,USA,https://www.jstor.org/stable/2459012,
BP,George Mercer Award,https://www.esa.org/history/2013/08/mercer-award/#tablepress-3_wrapper,1971,Daniel S. Simberloff,M,Florida State University,USA,https://www.jstor.org/stable/1933995 ,
BP,George Mercer Award,https://www.esa.org/history/2013/08/mercer-award/#tablepress-3_wrapper,1969,Lynn White,M,"University of California, Los Angeles",USA,https://www.esa.org/wp-content/uploads/sites/94/2022/02/mercer1969.pdf,
BP,George Mercer Award,https://www.esa.org/history/2013/08/mercer-award/#tablepress-3_wrapper,1968,Edward Broadhead,M,University of Leeds,USA,https://www.esa.org/wp-content/uploads/sites/94/2022/02/mercer1968.pdf,
BP,George Mercer Award,https://www.esa.org/history/2013/08/mercer-award/#tablepress-3_wrapper,1967,William Albert Niering,M,Connecticut College,USA,https://www.esa.org/wp-content/uploads/sites/94/2022/02/mercer1967.pdf,
BP,George Mercer Award,https://www.esa.org/history/2013/08/mercer-award/#tablepress-3_wrapper,1967,Robert Harding Whittaker,M,"University of California, Irvine",USA,https://www.esa.org/wp-content/uploads/sites/94/2022/02/mercer1967.pdf,
BP,George Mercer Award,https://www.esa.org/history/2013/08/mercer-award/#tablepress-3_wrapper,1966,Crawford Stanley Holling,M,"Forest Research Laboratory, Victoria, British Columbia",USA,https://www.esa.org/wp-content/uploads/sites/94/2022/02/mercer1966.pdf,
BP,George Mercer Award,https://www.esa.org/history/2013/08/mercer-award/#tablepress-3_wrapper,1965,Kenneth Stafford Norris,M,University of California at Los Angeles,USA,https://www.esa.org/wp-content/uploads/sites/94/2022/02/mercer1965.pdf,
BP,George Mercer Award,https://www.esa.org/history/2013/08/mercer-award/#tablepress-3_wrapper,1964,Orie Lipton Loucks,M,University of Wsconsin,USA,https://www.esa.org/wp-content/uploads/sites/94/2022/02/mercer1964.pdf,
BP,George Mercer Award,https://www.esa.org/history/2013/08/mercer-award/#tablepress-3_wrapper,1963,Joseph H. Connell,M,University of California at Santa Barbara,USA,https://www.esa.org/wp-content/uploads/sites/94/2022/02/mercer1963.pdf,
BP,George Mercer Award,https://www.esa.org/history/2013/08/mercer-award/#tablepress-3_wrapper,1962,Harold A. Mooney,M,Duke University,USA,https://www.esa.org/wp-content/uploads/sites/94/2022/02/mercer1962.pdf,
BP,George Mercer Award,https://www.esa.org/history/2013/08/mercer-award/#tablepress-3_wrapper,1961,Robert Allen Norris,M,University of Georgia,USA,https://www.esa.org/wp-content/uploads/sites/94/2022/02/mercer1961.pdf,
BP,George Mercer Award,https://www.esa.org/history/2013/08/mercer-award/#tablepress-3_wrapper,1960,Calvin McMillan,M,University of Texas,USA,https://www.esa.org/wp-content/uploads/sites/94/2022/02/mercer1960.pdf,
BP,George Mercer Award,https://www.esa.org/history/2013/08/mercer-award/#tablepress-3_wrapper,1959,Robert Helmer MacArthur,M,University of Pennsylvania,USA,https://www.esa.org/wp-content/uploads/sites/94/2022/02/mercer1959.pdf,
BP,George Mercer Award,https://www.esa.org/history/2013/08/mercer-award/#tablepress-3_wrapper,1958,Jerry S. Olson,M,Oak Ridge National Laboratory,USA,https://www.esa.org/wp-content/uploads/sites/94/2022/02/mercer1958.pdf,
BP,George Mercer Award,https://www.esa.org/history/2013/08/mercer-award/#tablepress-3_wrapper,1957,John Jermyn Christian,M,Naval Medical Research Institute,USA,https://www.esa.org/wp-content/uploads/sites/94/2022/02/mercer1957.pdf,
BP,George Mercer Award,https://www.esa.org/history/2013/08/mercer-award/#tablepress-3_wrapper,1956,Eugene Pleasants Odum,M,University of Georgia,USA,https://www.esa.org/wp-content/uploads/sites/94/2022/02/mercer1956.pdf,
BP,George Mercer Award,https://www.esa.org/history/2013/08/mercer-award/#tablepress-3_wrapper,1955,Shelby Delos Gerking,M,Indiana University,USA,https://www.esa.org/wp-content/uploads/sites/94/2022/02/mercer1955.pdf,
BP,George Mercer Award,https://www.esa.org/history/2013/08/mercer-award/#tablepress-3_wrapper,1954,Frederick Herbert Bormann,M,Emory University,USA,https://www.esa.org/wp-content/uploads/sites/94/2022/02/mercer1954.pdf,
BP,George Mercer Award,https://www.esa.org/history/2013/08/mercer-award/#tablepress-3_wrapper,1953,Frank Alois Pitelka,M,University of California,USA,https://www.esa.org/wp-content/uploads/sites/94/2022/02/mercer1953.pdf,
BP,George Mercer Award,https://www.esa.org/history/2013/08/mercer-award/#tablepress-3_wrapper,1952,Robert Baxter Platt,M,Emory University,USA,https://www.jstor.org/stable/1948652 ,
BP,George Mercer Award,https://www.esa.org/history/2013/08/mercer-award/#tablepress-3_wrapper,1951,Helmut Karl Buechner,M,State College of Washington,USA,https://www.jstor.org/stable/2421904 ,
BP,George Mercer Award,https://www.esa.org/history/2013/08/mercer-award/#tablepress-3_wrapper,1950,Henry Sheldon Fitch,M,"University of Kansas, Lawrence",USA,https://www.esa.org/wp-content/uploads/sites/94/2022/02/mercer1950.pdf,
BP,George Mercer Award,https://www.esa.org/history/2013/08/mercer-award/#tablepress-3_wrapper,1949,Edsko Jerry Dyksterhuis,M,"U.S. Soil Conservation Service, Lincoln, Nebraska",USA,https://www.esa.org/wp-content/uploads/sites/94/2022/02/mercer1949.pdf,
BP,George Mercer Award,https://www.esa.org/history/2013/08/mercer-award/#tablepress-3_wrapper,1948,Henry P. Hansen,M,Oregon State College,USA,https://www.esa.org/wp-content/uploads/sites/94/2022/02/mercer1948.pdf,
BP,Stearns Graduate Student Prize,https://eseb.org/prizes-funding/stearns-graduate-student-prize/,2020,Jack Common,M,University of Exeter,UK,https://eseb.org/prizes-funding/stearns-graduate-student-prize/,
BP,Stearns Graduate Student Prize,https://eseb.org/prizes-funding/stearns-graduate-student-prize/,2019,Thomas Keaney,M,University of Melbourne,Australia,https://eseb.org/prizes-funding/stearns-graduate-student-prize/,
BP,Stearns Graduate Student Prize,https://eseb.org/prizes-funding/stearns-graduate-student-prize/,2018,James Santangelo,M,University of Toronto,Canada,https://doi.org/10.1111/jeb.13392,
BP,Stearns Graduate Student Prize,https://eseb.org/prizes-funding/stearns-graduate-student-prize/,2017,Jack Colicchio,M,"University of California, Berkeley",USA,https://onlinelibrary.wiley.com/doi/10.1111/jeb.13042,
BP,Stearns Graduate Student Prize,https://eseb.org/prizes-funding/stearns-graduate-student-prize/,2016,Amaranta Fontcuberta,F,University of Lausanne,Switzerland,https://onlinelibrary.wiley.com/doi/10.1111/jeb.12843,
BP,Stearns Graduate Student Prize,https://eseb.org/prizes-funding/stearns-graduate-student-prize/,2015,James Lichtenstein,M,University of Pittsburgh,USA,https://onlinelibrary.wiley.com/doi/10.1111/jeb.12651,
BP,Stearns Graduate Student Prize,https://eseb.org/prizes-funding/stearns-graduate-student-prize/,2014,Ellie Harrison,F,Imperial College London,UK,https://onlinelibrary.wiley.com/doi/full/10.1111/jeb.12408,
BP,Presidents’ Award for Outstanding Dissertation Paper in Evolution,http://www.evolutionsociety.org/index.php?module=content&type=user&func=view&pid=14,2020,Dorota Paczesniak,F,University of Saskatchewan,Canada,http://www.evolutionsociety.org/index.php?module=content&type=user&func=view&pid=14#paczesniak,
BP,Presidents’ Award for Outstanding Dissertation Paper in Evolution,http://www.evolutionsociety.org/index.php?module=content&type=user&func=view&pid=14,2019,Matthew Zuellig,M,University of Bern,Switzerland,http://www.evolutionsociety.org/index.php?module=content&type=user&func=view&pid=14#zuellig,
BP,Presidents’ Award for Outstanding Dissertation Paper in Evolution,http://www.evolutionsociety.org/index.php?module=content&type=user&func=view&pid=14,2018,Valerie Morley,F,Yale University,USA,https://onlinelibrary.wiley.com/doi/10.1111/evo.13193,
BP,Presidents’ Award for Outstanding Dissertation Paper in Evolution,http://www.evolutionsociety.org/index.php?module=content&type=user&func=view&pid=14,2017,Megan Greischar,F,Pennsylvania State University,USA,https://onlinelibrary.wiley.com/doi/full/10.1111/evo.12969,
BP,Presidents’ Award for Outstanding Dissertation Paper in Evolution,http://www.evolutionsociety.org/index.php?module=content&type=user&func=view&pid=14,2016,Jennifer Lohr,F,University of Hamburg,Germany,http://www.evolutionsociety.org/index.php?module=content&type=user&func=view&pid=14#2016fishernom,
BP,Presidents’ Award for Outstanding Dissertation Paper in Evolution,http://www.evolutionsociety.org/index.php?module=content&type=user&func=view&pid=14,2015,Alison E. Wright,F,University College London,UK,http://www.evolutionsociety.org/index.php?module=content&type=user&func=view&pid=14#Wright,
BP,Presidents’ Award for Outstanding Dissertation Paper in Evolution,http://www.evolutionsociety.org/index.php?module=content&type=user&func=view&pid=14,2014,Amy Hurford,F,Memorial University of Newfoundland,Canada,http://www.evolutionsociety.org/index.php?module=content&type=user&func=view&pid=14#hurford,
BP,Presidents’ Award for Outstanding Dissertation Paper in Evolution,http://www.evolutionsociety.org/index.php?module=content&type=user&func=view&pid=14,2013,William Soto,M,New Mexico State University,USA,https://www.ncbi.nlm.nih.gov/pmc/articles/PMC3561466/,
BP,Presidents’ Award for Outstanding Dissertation Paper in Evolution,http://www.evolutionsociety.org/index.php?module=content&type=user&func=view&pid=14,2012,David McCandlish,M,Duke University,USA,https://onlinelibrary.wiley.com/doi/10.1111/j.1558-5646.2011.01236.x,
BP,Presidents’ Award for Outstanding Dissertation Paper in Evolution,http://www.evolutionsociety.org/index.php?module=content&type=user&func=view&pid=14,2011,D. Luke Mahler,M,Harvard University,USA,https://onlinelibrary.wiley.com/doi/full/10.1111/j.1558-5646.2010.01026.x,
BP,Presidents’ Award for Outstanding Dissertation Paper in Evolution,http://www.evolutionsociety.org/index.php?module=content&type=user&func=view&pid=14,2010,Britt Koskella,F,Indiana University,USA,https://onlinelibrary.wiley.com/doi/full/10.1111/j.1558-5646.2009.00711.x,
BP,Presidents’ Award for Outstanding Dissertation Paper in Evolution,http://www.evolutionsociety.org/index.php?module=content&type=user&func=view&pid=14,2009,Megan Higgie,F,University of Queensland,Australia,https://onlinelibrary.wiley.com/doi/full/10.1111/j.1558-5646.2008.00357.x,
BP,Presidents’ Award for Outstanding Dissertation Paper in Evolution,http://www.evolutionsociety.org/index.php?module=content&type=user&func=view&pid=14,2008,R. Brian Langerhans,M,Washington University,USA,https://onlinelibrary.wiley.com/doi/full/10.1111/j.1558-5646.2007.00171.x,
BP,Presidents’ Award for Outstanding Dissertation Paper in Evolution,http://www.evolutionsociety.org/index.php?module=content&type=user&func=view&pid=14,2007,Guillaume Martin,M,"Centre National de la Recherche Scientifique, Montpellier",France,https://onlinelibrary.wiley.com/doi/abs/10.1111/j.0014-3820.2006.tb01169.x,
BP,Presidents’ Award for Outstanding Dissertation Paper in Evolution,http://www.evolutionsociety.org/index.php?module=content&type=user&func=view&pid=14,2006,Maurine Neiman,F,Indiana University,USA,https://onlinelibrary.wiley.com/doi/abs/10.1111/j.0014-3820.2005.tb01064.x,
BP,American Naturalist Student Paper Award,https://www.amnat.org/awards.html#AN,2020,Chuliang Song,M,Massachusetts Institute of Technology,USA,https://www.journals.uchicago.edu/doi/abs/10.1086/705347?journalCode=an,
BP,American Naturalist Student Paper Award,https://www.amnat.org/awards.html#AN,2019,Marta Strecker Shocket,F,Indiana University,USA,https://www.journals.uchicago.edu/doi/10.1086/696096,
BP,American Naturalist Student Paper Award,https://www.amnat.org/awards.html#AN,2018,Meredith Cenzer,F,University of California at Davis,USA,https://www.journals.uchicago.edu/doi/10.1086/693456,
BP,American Naturalist Student Paper Award,https://www.amnat.org/awards.html#AN,2017,Seema Sheth,F,University of Minnesota,USA,https://www.journals.uchicago.edu/doi/full/10.1086/684440,
BP,American Naturalist Student Paper Award,https://www.amnat.org/awards.html#AN,2016,James Rainford,M,University of York,UK,https://www.journals.uchicago.edu/doi/full/10.1086/683461,
BP,American Naturalist Student Paper Award,https://www.amnat.org/awards.html#AN,2015,Francesco Carrara,M,École Polytechnique Fédérale Lausanne,Switzerland,https://www.journals.uchicago.edu/doi/10.1086/674009,
BP,American Naturalist Student Paper Award,https://www.amnat.org/awards.html#AN,2014,Jordan Okie,M,University of New Mexico,USA,https://www.journals.uchicago.edu/doi/10.1086/669150,
BP,American Naturalist Student Paper Award,https://www.amnat.org/awards.html#AN,2013,Erik Verbruggen,M,"VU University, Amsterdam",Netherlands,https://www.journals.uchicago.edu/doi/10.1086/665032,
BP,American Naturalist Student Paper Award,https://www.amnat.org/awards.html#AN,2012,Julia Saltz,F,University of California at Davis,USA,https://www.journals.uchicago.edu/doi/10.1086/659631,
BP,American Naturalist Student Paper Award,https://www.amnat.org/awards.html#AN,2011,Casey P. terHorst,M,Florida State University,USA,https://www.journals.uchicago.edu/doi/10.1086/657047,
BP,American Naturalist Student Paper Award,https://www.amnat.org/awards.html#AN,2010,Deepa Agashe,F,University of Texas at Austin,USA,https://www.journals.uchicago.edu/doi/10.1086/600085,
BP,American Naturalist Student Paper Award,https://www.amnat.org/awards.html#AN,2009,Thomas E. X. Miller,M,University of Nebraska,USA,https://www.journals.uchicago.edu/doi/10.1086/524961,
BP,Robert May Prize,https://www.britishecologicalsociety.org/publications/best-paper-by-an-early-career-researcher/robert-may-prize/,2020,Arthur Porto,M,University of Oslo,Norway,https://besjournals.onlinelibrary.wiley.com/doi/full/10.1111/2041-210X.13373,
BP,Robert May Prize,https://www.britishecologicalsociety.org/publications/best-paper-by-an-early-career-researcher/robert-may-prize/,2019,Corneile Minnaar,M,"Stellenbosch University, Matieland",South Africa,https://besjournals.onlinelibrary.wiley.com/doi/10.1111/2041-210X.13155,
BP,Robert May Prize,https://www.britishecologicalsociety.org/publications/best-paper-by-an-early-career-researcher/robert-may-prize/,2018,Laura Russo,F,Pennsylvania State University,USA,https://besjournals.onlinelibrary.wiley.com/doi/10.1111/2041-210X.12914,
BP,Robert May Prize,https://www.britishecologicalsociety.org/publications/best-paper-by-an-early-career-researcher/robert-may-prize/,2017,Jonathan Henshaw,M,The Australian National University,Australia,https://besjournals.onlinelibrary.wiley.com/doi/10.1111/2041-210X.12685,
BP,Robert May Prize,https://www.britishecologicalsociety.org/publications/best-paper-by-an-early-career-researcher/robert-may-prize/,2016,Gabriella R. M. Leighton,F,University of Cape Town,South Africa,https://besjournals.onlinelibrary.wiley.com/doi/full/10.1111/2041-210X.12562,
BP,Robert May Prize,https://www.britishecologicalsociety.org/publications/best-paper-by-an-early-career-researcher/robert-may-prize/,2015,Kim Calders,M,Wageningen University,Netherlands,https://besjournals.onlinelibrary.wiley.com/doi/full/10.1111/2041-210X.12301,
BP,Robert May Prize,https://www.britishecologicalsociety.org/publications/best-paper-by-an-early-career-researcher/robert-may-prize/,2014,Laure Gallien,F,Swiss Federal Research Institute WSL,Switzerland,https://besjournals.onlinelibrary.wiley.com/doi/full/10.1111/2041-210X.12257,
BP,Robert May Prize,https://www.britishecologicalsociety.org/publications/best-paper-by-an-early-career-researcher/robert-may-prize/,2013,Will Pearse,M,Imperial College London,UK,https://besjournals.onlinelibrary.wiley.com/doi/full/10.1111/2041-210X.12055,
BP,Robert May Prize,https://www.britishecologicalsociety.org/publications/best-paper-by-an-early-career-researcher/robert-may-prize/,2012,Sarah Papworth,F,Imperial College London,UK,https://besjournals.onlinelibrary.wiley.com/doi/full/10.1111/j.2041-210X.2012.00189.x,
BP,Robert May Prize,https://www.britishecologicalsociety.org/publications/best-paper-by-an-early-career-researcher/robert-may-prize/,2011,Tyler Kuhn,M,Simon Fraser University,Canada,https://besjournals.onlinelibrary.wiley.com/doi/epdf/10.1111/j.2041-210X.2011.00103.x,
BP,Robert May Prize,https://www.britishecologicalsociety.org/publications/best-paper-by-an-early-career-researcher/robert-may-prize/,2010,Iain Stott,M,University of Exeter,UK,https://besjournals.onlinelibrary.wiley.com/doi/full/10.1111/j.2041-210X.2010.00032.x,
BP,Haldane Early Career Researcher Award,https://www.britishecologicalsociety.org/publications/best-paper-by-an-early-career-researcher/haldane-prize/,2020,Renato Morais,M,"James Cook University, Townsville",Australia,https://doi.org/10.1111/1365-2435.13568,
BP,Haldane Early Career Researcher Award,https://www.britishecologicalsociety.org/publications/best-paper-by-an-early-career-researcher/haldane-prize/,2019,Yingying Wang,F,"Nanjing Normal University, Nanjing",China,https://besjournals.onlinelibrary.wiley.com/doi/10.1111/1365-2435.13311,
BP,Haldane Early Career Researcher Award,https://www.britishecologicalsociety.org/publications/best-paper-by-an-early-career-researcher/haldane-prize/,2018,Alexander T. Strauss,M,"Indiana University, Bloomington",USA,https://doi.org/10.1111/1365-2435.13066,
BP,Haldane Early Career Researcher Award,https://www.britishecologicalsociety.org/publications/best-paper-by-an-early-career-researcher/haldane-prize/,2017,Daniel Fitzgerald,M,Texas A&M University,USA,https://besjournals.onlinelibrary.wiley.com/doi/10.1111/1365-2435.12838,
BP,Haldane Early Career Researcher Award,https://www.britishecologicalsociety.org/publications/best-paper-by-an-early-career-researcher/haldane-prize/,2016,Pedro J. Bergamo,M,Universidade Estadual de Campinas,Brazil,https://besjournals.onlinelibrary.wiley.com/doi/full/10.1111/1365-2435.12537,
BP,Haldane Early Career Researcher Award,https://www.britishecologicalsociety.org/publications/best-paper-by-an-early-career-researcher/haldane-prize/,2015,Brian Steidinger,M,Indiana University,USA,https://besjournals.onlinelibrary.wiley.com/doi/full/10.1111/1365-2435.12325,
BP,Haldane Early Career Researcher Award,https://www.britishecologicalsociety.org/publications/best-paper-by-an-early-career-researcher/haldane-prize/,2014,Scott Ferrenberg,M,University of Colorado,USA,https://besjournals.onlinelibrary.wiley.com/doi/full/10.1111/1365-2435.12228,
BP,Haldane Early Career Researcher Award,https://www.britishecologicalsociety.org/publications/best-paper-by-an-early-career-researcher/haldane-prize/,2013,Kyle Demes,M,University of British Columbia,Canada,https://besjournals.onlinelibrary.wiley.com/doi/full/10.1111/1365-2435.12067,
BP,Haldane Early Career Researcher Award,https://www.britishecologicalsociety.org/publications/best-paper-by-an-early-career-researcher/haldane-prize/,2012,Ulrike Lampe,F,University of Bielefeld,Germany,https://besjournals.onlinelibrary.wiley.com/doi/full/10.1111/1365-2435.12000,
BP,Haldane Early Career Researcher Award,https://www.britishecologicalsociety.org/publications/best-paper-by-an-early-career-researcher/haldane-prize/,2011,Julia Cooke,F,Macquarie University,Australia,https://besjournals.onlinelibrary.wiley.com/doi/full/10.1111/j.1365-2435.2011.01880.x,
BP,Haldane Early Career Researcher Award,https://www.britishecologicalsociety.org/publications/best-paper-by-an-early-career-researcher/haldane-prize/,2010,Cécile Albert,F,Universite´ Joseph Fourier,France,https://besjournals.onlinelibrary.wiley.com/doi/full/10.1111/j.1365-2435.2010.01727.x,
BP,Haldane Early Career Researcher Award,https://www.britishecologicalsociety.org/publications/best-paper-by-an-early-career-researcher/haldane-prize/,2009,Cassie Majetic,F,University of Pittsburgh,USA,https://besjournals.onlinelibrary.wiley.com/doi/10.1111/j.1365-2435.2008.01517.x,
BP,Haldane Early Career Researcher Award,https://www.britishecologicalsociety.org/publications/best-paper-by-an-early-career-researcher/haldane-prize/,2008,Carol Sparling,F,University of St Andrews,UK,https://besjournals.onlinelibrary.wiley.com/doi/full/10.1111/j.1365-2435.2007.01368.x,
BP,Early Career Researcher Award,https://onlinelibrary-wiley-com.wwwproxy1.library.unsw.edu.au/page/journal/homepage/14610248/ecologylettersaward?=,2020,Laura L. Figueroa,F,Cornell University,USA,https://onlinelibrary.wiley.com/doi/10.1111/ele.13521,
BP,Early Career Researcher Award,https://onlinelibrary-wiley-com.wwwproxy1.library.unsw.edu.au/page/journal/homepage/14610248/ecologylettersaward?=,2019,Lauren G. Shoemaker,F,University of Wyoming,USA,https://onlinelibrary.wiley.com/doi/10.1111/ele.13268,
BP,Outstanding paper prize,https://journals.biologists.com/jeb/pages/outstanding-paper-prize,2020,Adam Hardy,M,University of Chicago,USA,https://journals.biologists.com/jeb/pages/outstanding-paper-prize',
BP,Outstanding paper prize,https://journals.biologists.com/jeb/pages/outstanding-paper-prize,2019,Kephra Beckett,F,University of British Columbia,Canada,https://journals.biologists.com/jeb/pages/outstanding-paper-prize',
BP,Outstanding paper prize,https://journals.biologists.com/jeb/pages/outstanding-paper-prize,2019,Anne Robertson,F,University of British Columbia,Canada,https://journals.biologists.com/jeb/pages/outstanding-paper-prize',
BP,Outstanding paper prize,https://journals.biologists.com/jeb/pages/outstanding-paper-prize,2018,Till Harter,M,University of British Columbia,Canada,https://journals.biologists.com/jeb/pages/outstanding-paper-prize',
BP,Outstanding paper prize,https://journals.biologists.com/jeb/pages/outstanding-paper-prize,2018,Mike Sackville,M,University of British Columbia,Canada,https://journals.biologists.com/jeb/pages/outstanding-paper-prize',
BP,Outstanding paper prize,https://journals.biologists.com/jeb/pages/outstanding-paper-prize,2018,Dave Metzinger,M,University of British Columbia,Canada,https://journals.biologists.com/jeb/pages/outstanding-paper-prize',
BP,Outstanding paper prize,https://journals.biologists.com/jeb/pages/outstanding-paper-prize,2017,Jonas Wolff,M,"University of Kiel, Germany",Germany,https://journals.biologists.com/jeb/pages/outstanding-paper-prize',
BP,Outstanding paper prize,https://journals.biologists.com/jeb/pages/outstanding-paper-prize,2016,Géraldine von Uckermann,F,Université Bordeaux,France,https://journals.biologists.com/jeb/pages/outstanding-paper-prize',
BP,Outstanding paper prize,https://journals.biologists.com/jeb/pages/outstanding-paper-prize,2016,François Lambert,M,Université Bordeaux,France,https://journals.biologists.com/jeb/pages/outstanding-paper-prize',
BP,Outstanding paper prize,https://journals.biologists.com/jeb/pages/outstanding-paper-prize,2015,Jennifer Hobbs,F,Northwestern University,USA,https://journals.biologists.com/jeb/pages/outstanding-paper-prize',
BP,Outstanding paper prize,https://journals.biologists.com/jeb/pages/outstanding-paper-prize,2014,Anna Honkanen,F,University of Oulu,Finland,https://journals.biologists.com/jeb/pages/outstanding-paper-prize',
BP,Outstanding paper prize,https://journals.biologists.com/jeb/pages/outstanding-paper-prize,2013,Inge Revsbech,F,Aarhus University,Denmark,https://journals.biologists.com/jeb/pages/outstanding-paper-prize',
BP,Outstanding paper prize,https://journals.biologists.com/jeb/pages/outstanding-paper-prize,2012,Nicole George,F,University of Washington,USA,https://journals.biologists.com/jeb/pages/outstanding-paper-prize',
BP,Outstanding paper prize,https://journals.biologists.com/jeb/pages/outstanding-paper-prize,2011,Cassondra Williams,F,"Scripps Institution of Oceanography, San Diego",USA,https://journals.biologists.com/jeb/pages/outstanding-paper-prize',
BP,Outstanding paper prize,https://journals.biologists.com/jeb/pages/outstanding-paper-prize,2010,Chen Chiu,F,University of Maryland,USA,https://journals.biologists.com/jeb/pages/outstanding-paper-prize',
BR,Jasper Loftus-Hills Young Investigator Award,https://www.amnat.org/awards.html,2020,Stephen De Lisle,M,University of Connecticut,USA,https://www.biorxiv.org/content/10.1101/2020.01.26.920439v1.full.pdf,
BR,Jasper Loftus-Hills Young Investigator Award,https://www.amnat.org/awards.html,2020,Moises Exposito-Alonso,M,"Carnegie Institution for Science, Stanford",USA,https://orcid.org/0000-0001-5711-0700,
BR,Jasper Loftus-Hills Young Investigator Award,https://www.amnat.org/awards.html,2020,María Natalia Umaña Medina,F,University og Michigan,USA,https://lsa.umich.edu/eeb/people/faculty/maria-natalia-umana.html,
BR,Jasper Loftus-Hills Young Investigator Award,https://www.amnat.org/awards.html,2020,Diana Rennison,F,University of California at San Diego,USA,https://biology.ucsd.edu/research/faculty/drennison,
BR,Jasper Loftus-Hills Young Investigator Award,https://www.amnat.org/awards.html,2019,Eleanor Caves,F,Duke University,USA,https://onlinelibrary.wiley.com/doi/full/10.1111/jfb.13859,
BR,Jasper Loftus-Hills Young Investigator Award,https://www.amnat.org/awards.html,2019,Jean Philippe Gibert,M,Duke University,USA,https://doi.org/10.1038/s41598-019-41783-0,
BR,Jasper Loftus-Hills Young Investigator Award,https://www.amnat.org/awards.html,2019,Ambika Kamath,F,University of California at Santa Barbara,USA,https://academic.oup.com/beheco/article/30/1/39/5236615,
BR,Jasper Loftus-Hills Young Investigator Award,https://www.amnat.org/awards.html,2019,Stilianos Louca,M,University of Oregon,USA,https://orcid.org/0000-0001-9216-5619,
BR,Jasper Loftus-Hills Young Investigator Award,https://www.amnat.org/awards.html,2018,Rachael Bay,F,University of California at Los Angeles,USA,https://pubmed.ncbi.nlm.nih.gov/29302012/,
BR,Jasper Loftus-Hills Young Investigator Award,https://www.amnat.org/awards.html,2018,Aaron Comeault,M,University of North Carolina,USA,https://pubmed.ncbi.nlm.nih.gov/30209213/,
BR,Jasper Loftus-Hills Young Investigator Award,https://www.amnat.org/awards.html,2018,Rachel Germain,F,University of British Columbia,Canada,https://pubmed.ncbi.nlm.nih.gov/29180041/,
BR,Jasper Loftus-Hills Young Investigator Award,https://www.amnat.org/awards.html,2018,Gijsbert Werner,M,University of Oxford,UK,https://pubmed.ncbi.nlm.nih.gov/29712857/,
BR,Jasper Loftus-Hills Young Investigator Award,https://www.amnat.org/awards.html,2017,Sarah Fitzpatrick,F,Michigan State University,USA,https://angelonilab.colostate.edu/Site/Publications_files/Fitzpatrick%20et%20al.%202017.pdf,
BR,Jasper Loftus-Hills Young Investigator Award,https://www.amnat.org/awards.html,2017,Anna Hargreaves,F,"University of British Columbia, Vancouver",Canada,https://pubmed.ncbi.nlm.nih.gov/27920382/,
BR,Jasper Loftus-Hills Young Investigator Award,https://www.amnat.org/awards.html,2017,Martha Muñoz,F,Duke University,USA,https://pubmed.ncbi.nlm.nih.gov/28100817/,
BR,Jasper Loftus-Hills Young Investigator Award,https://www.amnat.org/awards.html,2017,Alison Wright,F,University College London,UK,https://pubmed.ncbi.nlm.nih.gov/28139647/,
BR,Jasper Loftus-Hills Young Investigator Award,https://www.amnat.org/awards.html,2016,Lucy Aplin,F,University of Oxford,UK,https://doi.org/10.1016/j.cobeha.2016.09.003,
BR,Jasper Loftus-Hills Young Investigator Award,https://www.amnat.org/awards.html,2016,Susan Bailey,F,Aarhus Universitet,Denmark,https://pubmed.ncbi.nlm.nih.gov/26346808/,
BR,Jasper Loftus-Hills Young Investigator Award,https://www.amnat.org/awards.html,2016,Matthew Pennell,M,University of Idaho,USA,https://www.biorxiv.org/content/10.1101/024992v1,
BR,Jasper Loftus-Hills Young Investigator Award,https://www.amnat.org/awards.html,2016,Nathaniel Sharp,M,University of Toronto,Canada,https://pubmed.ncbi.nlm.nih.gov/27015430/,
BR,Jasper Loftus-Hills Young Investigator Award,https://www.amnat.org/awards.html,2015,Jesse Lasky,M,Columbia University,USA,https://besjournals.onlinelibrary.wiley.com/doi/full/10.1111/1365-2745.12435,
BR,Jasper Loftus-Hills Young Investigator Award,https://www.amnat.org/awards.html,2015,Stephen Montgomery,M,University of Geneva,Switzerland,https://pubmed.ncbi.nlm.nih.gov/25634236/,
BR,Jasper Loftus-Hills Young Investigator Award,https://www.amnat.org/awards.html,2015,Mary Caswell Stoddard,F,Harvard University,USA,https://pubmed.ncbi.nlm.nih.gov/24939367/,
BR,Jasper Loftus-Hills Young Investigator Award,https://www.amnat.org/awards.html,2015,Marjorie Weber,F,University of California at Davis,USA,https://pubmed.ncbi.nlm.nih.gov/26248499/,
BR,Jasper Loftus-Hills Young Investigator Award,https://www.amnat.org/awards.html,2014,Travis Ingram,M,University of Otago,NZ,https://pubmed.ncbi.nlm.nih.gov/25325753/,
BR,Jasper Loftus-Hills Young Investigator Award,https://www.amnat.org/awards.html,2014,Romain Libbrecht,M,Rockefeller University,USA,https://pubmed.ncbi.nlm.nih.gov/24698381/,
BR,Jasper Loftus-Hills Young Investigator Award,https://www.amnat.org/awards.html,2014,Malin Pinsky,M,Princeton University,USA,https://pubmed.ncbi.nlm.nih.gov/24372754/,
BR,Jasper Loftus-Hills Young Investigator Award,https://www.amnat.org/awards.html,2014,Michael Sheehan,M,University of California at Berkeley,USA,https://pubmed.ncbi.nlm.nih.gov/25226282/,
BR,Jasper Loftus-Hills Young Investigator Award,https://www.amnat.org/awards.html,2013,Robin Hopkins,F,University of Texas,USA,https://pubmed.ncbi.nlm.nih.gov/23495388/,
BR,Jasper Loftus-Hills Young Investigator Award,https://www.amnat.org/awards.html,2013,"Kayla C. King, ",F,University of Liverpool,UK,https://pubmed.ncbi.nlm.nih.gov/22713998/,
BR,Jasper Loftus-Hills Young Investigator Award,https://www.amnat.org/awards.html,2013,A. Carla Staver,F,Princeton University,USA,https://pubmed.ncbi.nlm.nih.gov/22766932/,
BR,Jasper Loftus-Hills Young Investigator Award,https://www.amnat.org/awards.html,2013,Ian J. Wang,M,Harvard University,USA,https://pubmed.ncbi.nlm.nih.gov/24299396/,
BR,Jasper Loftus-Hills Young Investigator Award,https://www.amnat.org/awards.html,2012,Rowan Barrett,M,Harvard University,USA,https://pubmed.ncbi.nlm.nih.gov/22676073/,
BR,Jasper Loftus-Hills Young Investigator Award,https://www.amnat.org/awards.html,2012,Liam J. Revell,M,University of Massachusetts,USA,https://besjournals.onlinelibrary.wiley.com/doi/epdf/10.1111/j.2041-210X.2011.00169.x,
BR,Jasper Loftus-Hills Young Investigator Award,https://www.amnat.org/awards.html,2012,Jennifer C. Perry,F,University of Toronto,USA,https://pubmed.ncbi.nlm.nih.gov/22276547/,
BR,Jasper Loftus-Hills Young Investigator Award,https://www.amnat.org/awards.html,2012,Matthew R. Walsh,M,Yale University,USA,https://pubmed.ncbi.nlm.nih.gov/22628469/,
BR,Jasper Loftus-Hills Young Investigator Award,https://www.amnat.org/awards.html,2011,Michael Kasumovic,M,University of New South Wales,Australia,https://pubmed.ncbi.nlm.nih.gov/21954701/,
BR,Jasper Loftus-Hills Young Investigator Award,https://www.amnat.org/awards.html,2011,Robert Pringle,M,Harvard University,USA,https://www.nature.com/articles/nature10140,
BR,Jasper Loftus-Hills Young Investigator Award,https://www.amnat.org/awards.html,2011,Nathan Swenson,M,Michigan State University,USA,https://pubmed.ncbi.nlm.nih.gov/20861048/,
BR,Jasper Loftus-Hills Young Investigator Award,https://www.amnat.org/awards.html,2011,Daniel Warner,M,University of Sydney,Australia,https://pubmed.ncbi.nlm.nih.gov/20685704/,
BR,Jasper Loftus-Hills Young Investigator Award,https://www.amnat.org/awards.html,2010,Stephanie Carlson,F,University of California at Santa Cruz,USA,https://pubmed.ncbi.nlm.nih.gov/20462116/,
BR,Jasper Loftus-Hills Young Investigator Award,https://www.amnat.org/awards.html,2010,Marc Johnson,M,North Carolina State University,USA,https://pubmed.ncbi.nlm.nih.gov/20180909/,
BR,Jasper Loftus-Hills Young Investigator Award,https://www.amnat.org/awards.html,2010,Joel McGlothlin,M,University of Virginia,USA,https://pubmed.ncbi.nlm.nih.gov/20394524/,
BR,Jasper Loftus-Hills Young Investigator Award,https://www.amnat.org/awards.html,2010,Daniel Rabosky,M,Cornell University,USA,https://pubmed.ncbi.nlm.nih.gov/20030708/,
BR,Jasper Loftus-Hills Young Investigator Award,https://www.amnat.org/awards.html,2009,Brian Langerhans,M,University of Oklahoma,USA,https://pubmed.ncbi.nlm.nih.gov/19411270/,
BR,Jasper Loftus-Hills Young Investigator Award,https://www.amnat.org/awards.html,2009,Luke Harmon,M,University of Idaho,USA,https://pubmed.ncbi.nlm.nih.gov/19339968/,
BR,Jasper Loftus-Hills Young Investigator Award,https://www.amnat.org/awards.html,2009,Renee Duckworth,F,University of Arizona,USA,https://pubmed.ncbi.nlm.nih.gov/19324612/,
BR,Jasper Loftus-Hills Young Investigator Award,https://www.amnat.org/awards.html,2009,Jason Kolbe,M,Washington University,USA,https://pubmed.ncbi.nlm.nih.gov/18492644/,
BR,Jasper Loftus-Hills Young Investigator Award,https://www.amnat.org/awards.html,2008,Jennifer Lau,F,University of Minnesota,USA,https://pubmed.ncbi.nlm.nih.gov/18376564/,
BR,Jasper Loftus-Hills Young Investigator Award,https://www.amnat.org/awards.html,2008,Judith Mank,F,Uppsala University,Sweden,https://pubmed.ncbi.nlm.nih.gov/18171149/,
BR,Jasper Loftus-Hills Young Investigator Award,https://www.amnat.org/awards.html,2008,Volker Rudolf,M,Rice University,USA,https://pubmed.ncbi.nlm.nih.gov/18589529/,
BR,Jasper Loftus-Hills Young Investigator Award,https://www.amnat.org/awards.html,2008,Mark Urban,M,Yale University,USA,https://pubmed.ncbi.nlm.nih.gov/18081780/,
BR,Jasper Loftus-Hills Young Investigator Award,https://www.amnat.org/awards.html,2007,Andy Gardner,M,Queen's University,Canada,https://pubmed.ncbi.nlm.nih.gov/17211805/,
BR,Jasper Loftus-Hills Young Investigator Award,https://www.amnat.org/awards.html,2007,Maurine Neiman,F,University of Virginia,USA,https://pubmed.ncbi.nlm.nih.gov/16333302/,
BR,Jasper Loftus-Hills Young Investigator Award,https://www.amnat.org/awards.html,2007,Daniel Ortiz-Barrientos,M,Louisiana State University,USA,https://pubmed.ncbi.nlm.nih.gov/17043744/,
BR,Jasper Loftus-Hills Young Investigator Award,https://www.amnat.org/awards.html,2007,G. Sander van Doorn,M,Santa Fe Institute,USA,https://pubmed.ncbi.nlm.nih.gov/17943130/,
BR,Jasper Loftus-Hills Young Investigator Award,https://www.amnat.org/awards.html,2006,Rebecca Fuller,F,Florida State University,USA,https://pubmed.ncbi.nlm.nih.gov/16224700/,
BR,Jasper Loftus-Hills Young Investigator Award,https://www.amnat.org/awards.html,2006,Ryan Gregory,M,University of Guelph,Canada,https://pubmed.ncbi.nlm.nih.gov/16151375/,
BR,Jasper Loftus-Hills Young Investigator Award,https://www.amnat.org/awards.html,2006,Patrik Nosil,M,Simon Fraser University,Canada,https://pubmed.ncbi.nlm.nih.gov/16979550/,
BR,Jasper Loftus-Hills Young Investigator Award,https://www.amnat.org/awards.html,2006,Brian Silliman,M,University of Florida,USA,https://pubmed.ncbi.nlm.nih.gov/16357258/,
BR,Jasper Loftus-Hills Young Investigator Award,https://www.amnat.org/awards.html,2005,Dan Bolnick,M,University of Texas at Austin,USA,https://pubmed.ncbi.nlm.nih.gov/16329245/,
BR,Jasper Loftus-Hills Young Investigator Award,https://www.amnat.org/awards.html,2005,Alison Galvani,F,Yale University,USA,https://pubmed.ncbi.nlm.nih.gov/16096099/,
BR,Jasper Loftus-Hills Young Investigator Award,https://www.amnat.org/awards.html,2005,Jeff Townsend,M,University of California at Berkeley,USA,https://pubmed.ncbi.nlm.nih.gov/15865986/,
BR,Jasper Loftus-Hills Young Investigator Award,https://www.amnat.org/awards.html,2005,Mark Vellend,M,"National Center for Ecological Analysis and Synthesis, Santa Barbara",,https://onlinelibrary.wiley.com/doi/full/10.1111/j.1461-0248.2005.00775.x,
BR,Jasper Loftus-Hills Young Investigator Award,https://www.amnat.org/awards.html,2004,Aneil Agrawal,M,University of Toronto,Canada,https://link.springer.com/article/10.1007/s00265-004-0841-2,
BR,Jasper Loftus-Hills Young Investigator Award,https://www.amnat.org/awards.html,2004,Doris Bachtrog,F,University of Edinburgh,UK,https://pubmed.ncbi.nlm.nih.gov/15107853/,
BR,Jasper Loftus-Hills Young Investigator Award,https://www.amnat.org/awards.html,2004,Armin Moczek,M,Duke University,USA,https://pubmed.ncbi.nlm.nih.gov/14970921/,
BR,Jasper Loftus-Hills Young Investigator Award,https://www.amnat.org/awards.html,2004,Diego Vázquez,M,University of California at Santa Barbara,USA,https://pubmed.ncbi.nlm.nih.gov/15266376/,
BR,Jasper Loftus-Hills Young Investigator Award,https://www.amnat.org/awards.html,2003,Hopi Hoekstra,F,University of Arizona,USA,https://pubmed.ncbi.nlm.nih.gov/12694282/,
BR,Jasper Loftus-Hills Young Investigator Award,https://www.amnat.org/awards.html,2003,Jonathan Levine,M,University of California at Los Angeles,USA,https://pubmed.ncbi.nlm.nih.gov/12737654/,
BR,Jasper Loftus-Hills Young Investigator Award,https://www.amnat.org/awards.html,2002,Sylvain Gandon,M,Centre National de la Recherche Scientifique,France,https://pubmed.ncbi.nlm.nih.gov/18707446/,
BR,Jasper Loftus-Hills Young Investigator Award,https://www.amnat.org/awards.html,2002,Jean M. L. Richardson,F,Dartmouth College,USA,https://pubmed.ncbi.nlm.nih.gov/18707446/,
BR,Jasper Loftus-Hills Young Investigator Award,https://www.amnat.org/awards.html,2002,Ophélie Ronce,F,Université Montpellier,France,https://www.cell.com/trends/ecology-evolution/fulltext/S0169-5347(01)02348-5,
BR,Jasper Loftus-Hills Young Investigator Award,https://www.amnat.org/awards.html,2002,Howard D. Rundle,M,University of British Columbia,Canada,https://pubmed.ncbi.nlm.nih.gov/11926500/,
BR,Jasper Loftus-Hills Young Investigator Award,https://www.amnat.org/awards.html,2001,Andrew Hendry,M,University of Massachusetts,USA,https://pubmed.ncbi.nlm.nih.gov/11838760/,
BR,Jasper Loftus-Hills Young Investigator Award,https://www.amnat.org/awards.html,2001,Ole Seehausen,M,University of Southampton,UK,https://doi.org/10.1046/j.1365-294x.2001.01200.x,
BR,Jasper Loftus-Hills Young Investigator Award,https://www.amnat.org/awards.html,2001,Priyanga Amarasekare,F,University of California at Santa Barbara,USA,https://pubmed.ncbi.nlm.nih.gov/18707352/,
BR,Jasper Loftus-Hills Young Investigator Award,https://www.amnat.org/awards.html,2001,Anna Qvarnström,F,Uppsala University,Sweden,https://doi.org/10.1016/S0169-5347(00)02030-9,
BR,Jasper Loftus-Hills Young Investigator Award,https://www.amnat.org/awards.html,2001,George Weiblen,M,Harvard University,USA,https://pubmed.ncbi.nlm.nih.gov/12116930/,
BR,Jasper Loftus-Hills Young Investigator Award,https://www.amnat.org/awards.html,2000,Jef Huisman,M,University of Amsterdam,Netherlands,https://pubmed.ncbi.nlm.nih.gov/18707257/,
BR,Jasper Loftus-Hills Young Investigator Award,https://www.amnat.org/awards.html,2000,Thomas Lenormand,M,Université Montpellier,France,https://www.journals.uchicago.edu/doi/10.1086/303295,
BR,Jasper Loftus-Hills Young Investigator Award,https://www.amnat.org/awards.html,2000,Maria Servedio,F,University of California at Davis,USA,https://orcid.org/0000-0002-3965-4445,
BR,Jasper Loftus-Hills Young Investigator Award,https://www.amnat.org/awards.html,2000,Jennifer Thaler,F,University of California at Davis,USA,https://academic.oup.com/jee/article/93/3/840/2217215,
BR,Jasper Loftus-Hills Young Investigator Award,https://www.amnat.org/awards.html,2000,Jason Wolf,M,Washington University,USA,https://pubmed.ncbi.nlm.nih.gov/11209768/,
BR,Jasper Loftus-Hills Young Investigator Award,https://www.amnat.org/awards.html,1999,Anurag Agrawal,M,University of California at Davis,USA,https://pubmed.ncbi.nlm.nih.gov/28565524/,
BR,Jasper Loftus-Hills Young Investigator Award,https://www.amnat.org/awards.html,1999,Johnathan Chase,M,University of Chicago,USA,https://www.journals.uchicago.edu/doi/10.1086/303260,
BR,Jasper Loftus-Hills Young Investigator Award,https://www.amnat.org/awards.html,1999,Troy Day,M,Queen's University,Canada,https://pubmed.ncbi.nlm.nih.gov/9778445/,
BR,Jasper Loftus-Hills Young Investigator Award,https://www.amnat.org/awards.html,1999,P. Ingvarsson,M,University of British Columbia,Canada,https://onlinelibrary.wiley.com/doi/abs/10.1111/j.1558-5646.1999.tb03795.x,
BR,Jasper Loftus-Hills Young Investigator Award,https://www.amnat.org/awards.html,1999,Lukas F. Keller,M,University of Wisconsin-Madison,USA,https://pubmed.ncbi.nlm.nih.gov/18811446/,
BR,Jasper Loftus-Hills Young Investigator Award,https://www.amnat.org/awards.html,1998,Hiroshi Akashi,M,University of Kansas,USA,https://pubmed.ncbi.nlm.nih.gov/9914211/,
BR,Jasper Loftus-Hills Young Investigator Award,https://www.amnat.org/awards.html,1998,Rodney Mauricio,M,Duke University,USA,https://pubmed.ncbi.nlm.nih.gov/18811421/,
BR,Jasper Loftus-Hills Young Investigator Award,https://www.amnat.org/awards.html,1998,Mohamed Noor,M,Cornell University,USA,https://pubmed.ncbi.nlm.nih.gov/9710468/,"first name misspelled as ""Mohammed"", now fixed"
BR,Jasper Loftus-Hills Young Investigator Award,https://www.amnat.org/awards.html,1998,Kevin Omland,M,State University of New York,USA,https://pubmed.ncbi.nlm.nih.gov/28568637/,
BR,Jasper Loftus-Hills Young Investigator Award,https://www.amnat.org/awards.html,1998,Peter Waddell,M,"Institute of Statistical Mathematics, Tokyo",Japan,https://academic.oup.com/mbe/article/15/12/1637/963099,"before and after at Massey University, NZ"
BR,Jasper Loftus-Hills Young Investigator Award,https://www.amnat.org/awards.html,1997,Hong-Wen Deng,M,University of Texas,USA,https://www.nature.com/articles/hdy199726,
BR,Jasper Loftus-Hills Young Investigator Award,https://www.amnat.org/awards.html,1997,Douglas J. Emlen,M,Princeton University,USA,https://link.springer.com/article/10.1007/s002650050393,
BR,Jasper Loftus-Hills Young Investigator Award,https://www.amnat.org/awards.html,1997,Sally Hacker,F,Brown University,USA,https://www.jstor.org/stable/2265939,
BR,Jasper Loftus-Hills Young Investigator Award,https://www.amnat.org/awards.html,1997,John Kelley,M,University of Chicago,USA,https://pubmed.ncbi.nlm.nih.gov/9215920/,
BR,Jasper Loftus-Hills Young Investigator Award,https://www.amnat.org/awards.html,1997,Leslie Pray,F,University of Vermont,USA,https://pubmed.ncbi.nlm.nih.gov/28565116/,
BR,Jasper Loftus-Hills Young Investigator Award,https://www.amnat.org/awards.html,1996,Rufus A. Johnstone,M,University of Cambridge,UK,https://onlinelibrary.wiley.com/doi/10.1111/j.1558-5646.1996.tb03912.x,
BR,Jasper Loftus-Hills Young Investigator Award,https://www.amnat.org/awards.html,1996,Christian P. Klingenberg,M,University of Alberta,Canada,https://onlinelibrary.wiley.com/doi/abs/10.1111/j.1558-5646.1996.tb03628.x,
BR,Jasper Loftus-Hills Young Investigator Award,https://www.amnat.org/awards.html,1996,David L. Stern,M,Princeton University,USA,https://onlinelibrary.wiley.com/doi/10.1111/j.1469-185X.1996.tb00741.x,
BR,Jasper Loftus-Hills Young Investigator Award,https://www.amnat.org/awards.html,1996,John P. Swaddle,M,University of Bristol,UK,https://www.sciencedirect.com/science/article/abs/pii/S0003347296900172,
BR,Jasper Loftus-Hills Young Investigator Award,https://www.amnat.org/awards.html,1995,Göran Arnqvist,M,University of New Mexico,USA,https://pubmed.ncbi.nlm.nih.gov/21237020/,
BR,Jasper Loftus-Hills Young Investigator Award,https://www.amnat.org/awards.html,1995,David Begun,M,Cornell University,USA,https://pubmed.ncbi.nlm.nih.gov/7739380/,
BR,Jasper Loftus-Hills Young Investigator Award,https://www.amnat.org/awards.html,1995,Sally P. Otto,F,University of Edinburgh,UK,https://pubmed.ncbi.nlm.nih.gov/8582622/,
BR,Jasper Loftus-Hills Young Investigator Award,https://www.amnat.org/awards.html,1995,Zhao Yang,X,,,,
BR,Jasper Loftus-Hills Young Investigator Award,https://www.amnat.org/awards.html,1994,Elena R. Alvarez-Buylla,F,Universidad Nacional Autónoma de México,Mexico,https://pubmed.ncbi.nlm.nih.gov/28568300/,
BR,Jasper Loftus-Hills Young Investigator Award,https://www.amnat.org/awards.html,1994,Keith A. Crandall,M,University of Texas,USA,ttps://en.wikipedia.org/wiki/Keith_A._Crandall,
BR,Jasper Loftus-Hills Young Investigator Award,https://www.amnat.org/awards.html,1994,Frederick J. Janzen,M,University of California at Davis,USA,https://www.eeob.iastate.edu/people/fredric-janzen,
BR,Jasper Loftus-Hills Young Investigator Award,https://www.amnat.org/awards.html,1994,Douglas R. Taylor,M,Duke University,USA,https://pubmed.ncbi.nlm.nih.gov/7960924/,
BR,Jasper Loftus-Hills Young Investigator Award,https://www.amnat.org/awards.html,1994,Peter H. Thrall,M,Duke University,USA,https://www.jstor.org/stable/2261263,
BR,Jasper Loftus-Hills Young Investigator Award,https://www.amnat.org/awards.html,1993,Joy Bergelson,F,University of Oxford,UK,https://www.jstor.org/stable/1940470,
BR,Jasper Loftus-Hills Young Investigator Award,https://www.amnat.org/awards.html,1993,Lee Dugatkin,M,Mount Allison University,Canada,https://doi.org/10.1093/beheco/4.4.289,
BR,Jasper Loftus-Hills Young Investigator Award,https://www.amnat.org/awards.html,1993,Lock Rowe,M,University of British Columbia,Canada,https://open.library.ubc.ca/soa/cIRcle/collections/ubctheses/831/items/1.0086364,"first name misspelled as ""Lock"", now fixed"
BR,Jasper Loftus-Hills Young Investigator Award,https://www.amnat.org/awards.html,1993,Geoff Hill,M,Auburn University,USA,https://pubmed.ncbi.nlm.nih.gov/28564892/,Geoffrey
BR,Jasper Loftus-Hills Young Investigator Award,https://www.amnat.org/awards.html,1992,Leticia Avilés,F,Harvard University,USA,https://www.proquest.com/openview/f7eaf35f6c80e2e826610b7cfe229c1e/1?pq-origsite=gscholar&cbl=18750&diss=y,
BR,Jasper Loftus-Hills Young Investigator Award,https://www.amnat.org/awards.html,1992,Edmund D. Brodie III,M,University of Chicago,USA,https://pubmed.ncbi.nlm.nih.gov/28568995/,
BR,Jasper Loftus-Hills Young Investigator Award,https://www.amnat.org/awards.html,1992,Eric D. Fajer,M,Harvard University,USA,https://www.jstor.org/stable/2462921 ,
BR,Jasper Loftus-Hills Young Investigator Award,https://www.amnat.org/awards.html,1992,H. Allen Orr,M,University of Chicago,USA,https://www.jstor.org/stable/2462785 ,
BR,Jasper Loftus-Hills Young Investigator Award,https://www.amnat.org/awards.html,1992,J. Timothy Wootton,M,University of California at Berkeley,USA,https://www.jstor.org/stable/2462934 ,
BR,Jasper Loftus-Hills Young Investigator Award,https://www.amnat.org/awards.html,1991,Alexandra Basolo,F,University of Texas,USA,https://www.science.org/doi/10.1126/science.250.4982.808,
BR,Jasper Loftus-Hills Young Investigator Award,https://www.amnat.org/awards.html,1991,H. Lisle Gibbs,M,Queen's University,Canada,https://doi.org/10.1002/elps.1150120218,
BR,Jasper Loftus-Hills Young Investigator Award,https://www.amnat.org/awards.html,1991,Andrew Read,M,University of Oxford,UK,https://doi.org/10.1111/j.1558-5646.1991.tb02676.x,
BR,Jasper Loftus-Hills Young Investigator Award,https://www.amnat.org/awards.html,1991,Ken Spitze,M,University of Illinois,USA,https://pubmed.ncbi.nlm.nih.gov/28564082/,
BR,Jasper Loftus-Hills Young Investigator Award,https://www.amnat.org/awards.html,1990,Tamar Dayan,F,Tel Aviv University,Israel,https://www.jstor.org/stable/2556345 ,
BR,Jasper Loftus-Hills Young Investigator Award,https://www.amnat.org/awards.html,1990,James Marden,M,Brown University,USA,https://doi.org/10.1016/S0003-3472(05)80960-1,
BR,Jasper Loftus-Hills Young Investigator Award,https://www.amnat.org/awards.html,1990,Axel Meyer,M,University of California at Berkeley,USA,https://pubmed.ncbi.nlm.nih.gov/2215680/,
BR,Jasper Loftus-Hills Young Investigator Award,https://www.amnat.org/awards.html,1990,Sharon Strauss,F,Florida State University,USA,https://pubmed.ncbi.nlm.nih.gov/28312783/,
BR,Jasper Loftus-Hills Young Investigator Award,https://www.amnat.org/awards.html,1989,Anne Houde,F,University of California at Santa Barbara,USA,https://www.lakeforest.edu/academics/faculty/anne-e-houde,
BR,Jasper Loftus-Hills Young Investigator Award,https://www.amnat.org/awards.html,1989,Allen J. Moore,M,Washington University,USA,https://link.springer.com/article/10.1007/BF01066033,
BR,Jasper Loftus-Hills Young Investigator Award,https://www.amnat.org/awards.html,1989,Barry Sinervo,M,Washington University,USA,https://pubmed.ncbi.nlm.nih.gov/28312590/,
BR,Jasper Loftus-Hills Young Investigator Award,https://www.amnat.org/awards.html,1989,David F. Westneat,M,University of North Carolina,USA,https://doi.org/10.1093/auk/106.4.747,
BR,Jasper Loftus-Hills Young Investigator Award,https://www.amnat.org/awards.html,1988,David E. Cowley,M,North Carolina State University,USA,https://pubmed.ncbi.nlm.nih.gov/17246429/,
BR,Jasper Loftus-Hills Young Investigator Award,https://www.amnat.org/awards.html,1988,Kirk A. Moloney,M,Duke University,USA,https://www.jstor.org/stable/1941656,
BR,Jasper Loftus-Hills Young Investigator Award,https://www.amnat.org/awards.html,1988,Carole L. Hom,F,University of California at Davis,USA,https://www.jstor.org/stable/2461800 ,
BR,Jasper Loftus-Hills Young Investigator Award,https://www.amnat.org/awards.html,1988,Marlene Zuk,F,University of Michigan,USA,https://pubmed.ncbi.nlm.nih.gov/28581160/,
BR,Jasper Loftus-Hills Young Investigator Award,https://www.amnat.org/awards.html,1987,Steven A. Frank,M,University of California at Berkeley,USA,https://orcid.org/0000-0001-7348-7794,
BR,Jasper Loftus-Hills Young Investigator Award,https://www.amnat.org/awards.html,1987,C. Drew Harvell,F,Cornell University,USA,https://www.jstor.org/stable/24824676,
BR,Jasper Loftus-Hills Young Investigator Award,https://www.amnat.org/awards.html,1987,Steven E. Kelley,M,Duke University,USA,https://www.jstor.org/stable/2409585,
BR,Jasper Loftus-Hills Young Investigator Award,https://www.amnat.org/awards.html,1987,Mark Kirkpatrick,M,University of Texas,USA,https://pubmed.ncbi.nlm.nih.gov/28563754/,
BR,Jasper Loftus-Hills Young Investigator Award,https://www.amnat.org/awards.html,1986,Ary A. Hoffmann,M,University of California at Davis,USA,https://www.jstor.org/stable/2408456 ,
BR,Jasper Loftus-Hills Young Investigator Award,https://www.amnat.org/awards.html,1986,Carl D. Schlichting,M,University of Pennsylvania,USA,https://doi.org/10.1146/annurev.es.17.110186.003315,
BR,Jasper Loftus-Hills Young Investigator Award,https://www.amnat.org/awards.html,1986,Brian A. Maurer,M,Brigham Young University,USA,https://doi.org/10.1038/324248a0,
BR,Jasper Loftus-Hills Young Investigator Award,https://www.amnat.org/awards.html,1986,Steve Orzack,M,Harvard University,USA,https://pubmed.ncbi.nlm.nih.gov/28556046/,
BR,Jasper Loftus-Hills Young Investigator Award,https://www.amnat.org/awards.html,1985,Gayle Muenchow,X,University of Colorado at Boulder,USA,https://www.jstor.org/stable/2443484,https://botany.org/psbarchive/issue/1985-v31-no-5.html
BR,Jasper Loftus-Hills Young Investigator Award,https://www.amnat.org/awards.html,1985,Mary Power,F,University of Oklahoma,USA,https://www.jstor.org/stable/1938007,
BR,Jasper Loftus-Hills Young Investigator Award,https://www.amnat.org/awards.html,1985,Trevor D. Price,M,University of Michigan,USA,https://pubmed.ncbi.nlm.nih.gov/28310871/,
BR,Jasper Loftus-Hills Young Investigator Award,https://www.amnat.org/awards.html,1985,David C. Queller,M,Rice University,USA,https://doi.org/10.1038/318366a0,
BR,Jasper Loftus-Hills Young Investigator Award,https://www.amnat.org/awards.html,1985,Dolph Schluter,M,University of British Columbia,USA,https://www.science.org/doi/10.1126/science.227.4690.1056,